BEGIN;

-- Insert Services
INSERT INTO services (id, type, name, price, description, is_active, created_at, updated_at) VALUES (1, 'grooming', 'Basic Grooming (Kucing)', 50000, 'Mandi, potong kuku, bersihkan telinga', true, '2026-07-07 16:16:55', '2026-07-07 16:16:55');
INSERT INTO services (id, type, name, price, description, is_active, created_at, updated_at) VALUES (2, 'grooming', 'Premium Grooming (Kucing)', 85000, 'Basic + treatment anti kutu/jamur', true, '2026-07-07 16:16:55', '2026-07-07 16:16:55');
INSERT INTO services (id, type, name, price, description, is_active, created_at, updated_at) VALUES (3, 'grooming', 'Basic Grooming (Anjing)', 75000, 'Mandi, potong kuku, bersihkan telinga', true, '2026-07-07 16:16:55', '2026-07-07 16:16:55');
INSERT INTO services (id, type, name, price, description, is_active, created_at, updated_at) VALUES (4, 'grooming', 'Premium Grooming (Anjing)', 120000, 'Basic + treatment anti kutu/jamur', true, '2026-07-07 16:16:55', '2026-07-07 16:16:55');
INSERT INTO services (id, type, name, price, description, is_active, created_at, updated_at) VALUES (5, 'penitipan', 'Kandang Standard', 35000, 'Kandang ukuran standar + makan 2x sehari', true, '2026-07-07 16:16:55', '2026-07-07 16:16:55');
INSERT INTO services (id, type, name, price, description, is_active, created_at, updated_at) VALUES (6, 'penitipan', 'Kandang VIP (AC)', 75000, 'Ruangan ber-AC + makan 3x sehari + playtime', true, '2026-07-07 16:16:55', '2026-07-07 16:16:55');
INSERT INTO services (id, type, name, price, description, is_active, created_at, updated_at) VALUES (7, 'antar_jemput', 'Antar Jemput (Dalam Kota)', 25000, 'Layanan antar jemput hewan max jarak 10km', true, '2026-07-07 16:16:55', '2026-07-07 16:16:55');
SELECT setval('services_id_seq', (SELECT MAX(id) FROM services));

-- Insert Customers & Pets
INSERT INTO customers (id, customer_code, name, phone_number, address, created_at, updated_at) VALUES (1, 'CST-20260527-0001', 'Padma Padmasari', '(+62) 585 8049 672', 'Kpg. Abdul Muis No. 780, Palembang 58849, Sulbar', '2026-01-16 16:16:55', '2026-01-16 16:16:55');
INSERT INTO pets (id, customer_id, name, type, breed, age_years, gender, created_at, updated_at) VALUES (1, 1, 'Winda', 'Hamster', NULL, 9, 'Betina', '2026-01-16 16:16:55', '2026-01-16 16:16:55');
INSERT INTO customers (id, customer_code, name, phone_number, address, created_at, updated_at) VALUES (2, 'CST-20260606-0002', 'Zulfa Halimah', '(+62) 975 7026 498', 'Psr. Suniaraja No. 861, Payakumbuh 24276, Sumut', '2026-06-06 16:16:55', '2026-06-06 16:16:55');
INSERT INTO pets (id, customer_id, name, type, breed, age_years, gender, created_at, updated_at) VALUES (2, 2, 'Agnes', 'Kucing', NULL, 3, 'Jantan', '2026-06-06 16:16:55', '2026-06-06 16:16:55');
INSERT INTO customers (id, customer_code, name, phone_number, address, created_at, updated_at) VALUES (3, 'CST-20260531-0003', 'Syahrini Agustina S.Kom', '(+62) 602 2371 245', 'Gg. Tambun No. 892, Pematangsiantar 67558, Sultra', '2026-01-24 16:16:55', '2026-01-24 16:16:55');
INSERT INTO pets (id, customer_id, name, type, breed, age_years, gender, created_at, updated_at) VALUES (3, 3, 'Uchita', 'Kelinci', NULL, 5, 'Betina', '2026-01-24 16:16:55', '2026-01-24 16:16:55');
INSERT INTO customers (id, customer_code, name, phone_number, address, created_at, updated_at) VALUES (4, 'CST-20260223-0004', 'Gawati Suryatmi S.E.I', '(+62) 701 4103 373', 'Gg. Cihampelas No. 700, Padangpanjang 74630, Sultra', '2026-06-17 16:16:55', '2026-06-17 16:16:55');
INSERT INTO pets (id, customer_id, name, type, breed, age_years, gender, created_at, updated_at) VALUES (4, 4, 'Oliva', 'Hamster', NULL, 8, 'Jantan', '2026-06-17 16:16:55', '2026-06-17 16:16:55');
INSERT INTO customers (id, customer_code, name, phone_number, address, created_at, updated_at) VALUES (5, 'CST-20260523-0005', 'Respati Waskita', '(+62) 769 1890 336', 'Ki. Badak No. 339, Sabang 20033, Kalteng', '2026-01-31 16:16:55', '2026-01-31 16:16:55');
INSERT INTO pets (id, customer_id, name, type, breed, age_years, gender, created_at, updated_at) VALUES (5, 5, 'Oni', 'Kucing', NULL, 3, 'Betina', '2026-01-31 16:16:55', '2026-01-31 16:16:55');
INSERT INTO customers (id, customer_code, name, phone_number, address, created_at, updated_at) VALUES (6, 'CST-20260606-0006', 'Galang Megantara', '0244 6252 2260', 'Kpg. Lembong No. 357, Solok 22918, Kalbar', '2026-04-23 16:16:55', '2026-04-23 16:16:55');
INSERT INTO pets (id, customer_id, name, type, breed, age_years, gender, created_at, updated_at) VALUES (6, 6, 'Harsaya', 'Kelinci', NULL, 10, 'Betina', '2026-04-23 16:16:55', '2026-04-23 16:16:55');
INSERT INTO customers (id, customer_code, name, phone_number, address, created_at, updated_at) VALUES (7, 'CST-20260514-0007', 'Prayogo Tampubolon', '(+62) 869 9405 065', 'Psr. Laksamana No. 952, Bau-Bau 96264, Bengkulu', '2026-04-21 16:16:55', '2026-04-21 16:16:55');
INSERT INTO pets (id, customer_id, name, type, breed, age_years, gender, created_at, updated_at) VALUES (7, 7, 'Cakrawala', 'Kucing', NULL, 4, 'Betina', '2026-04-21 16:16:55', '2026-04-21 16:16:55');
INSERT INTO customers (id, customer_code, name, phone_number, address, created_at, updated_at) VALUES (8, 'CST-20260515-0008', 'Langgeng Dabukke', '(+62) 782 1156 1727', 'Jln. Sadang Serang No. 128, Cirebon 16983, Kepri', '2026-05-31 16:16:55', '2026-05-31 16:16:55');
INSERT INTO pets (id, customer_id, name, type, breed, age_years, gender, created_at, updated_at) VALUES (8, 8, 'Emas', 'Kelinci', NULL, 6, 'Betina', '2026-05-31 16:16:55', '2026-05-31 16:16:55');
INSERT INTO customers (id, customer_code, name, phone_number, address, created_at, updated_at) VALUES (9, 'CST-20260316-0009', 'Mitra Halim', '029 8860 673', 'Psr. Pasir Koja No. 755, Tegal 34790, Sulsel', '2026-03-24 16:16:55', '2026-03-24 16:16:55');
INSERT INTO pets (id, customer_id, name, type, breed, age_years, gender, created_at, updated_at) VALUES (9, 9, 'Ade', 'Burung', NULL, 7, 'Betina', '2026-03-24 16:16:55', '2026-03-24 16:16:55');
INSERT INTO customers (id, customer_code, name, phone_number, address, created_at, updated_at) VALUES (10, 'CST-20260428-0010', 'Kezia Ira Mayasari S.I.Kom', '0220 8794 685', 'Jr. Yohanes No. 703, Samarinda 32073, NTT', '2026-06-07 16:16:55', '2026-06-07 16:16:55');
INSERT INTO pets (id, customer_id, name, type, breed, age_years, gender, created_at, updated_at) VALUES (10, 10, 'Julia', 'Burung', NULL, 4, 'Jantan', '2026-06-07 16:16:55', '2026-06-07 16:16:55');
INSERT INTO customers (id, customer_code, name, phone_number, address, created_at, updated_at) VALUES (11, 'CST-20260321-0011', 'Puput Widiastuti', '(+62) 27 1589 778', 'Ds. Pasteur No. 980, Banjarmasin 69271, Sulteng', '2026-03-04 16:16:55', '2026-03-04 16:16:55');
INSERT INTO pets (id, customer_id, name, type, breed, age_years, gender, created_at, updated_at) VALUES (11, 11, 'Garan', 'Anjing', NULL, 4, 'Betina', '2026-03-04 16:16:55', '2026-03-04 16:16:55');
INSERT INTO customers (id, customer_code, name, phone_number, address, created_at, updated_at) VALUES (12, 'CST-20260327-0012', 'Jaswadi Sihombing', '(+62) 780 7967 156', 'Psr. Sunaryo No. 684, Padang 10225, Babel', '2026-03-09 16:16:55', '2026-03-09 16:16:55');
INSERT INTO pets (id, customer_id, name, type, breed, age_years, gender, created_at, updated_at) VALUES (12, 12, 'Karma', 'Kelinci', NULL, 5, 'Jantan', '2026-03-09 16:16:55', '2026-03-09 16:16:55');
INSERT INTO customers (id, customer_code, name, phone_number, address, created_at, updated_at) VALUES (13, 'CST-20260604-0013', 'Prayogo Halim', '0870 0153 7590', 'Ds. Balikpapan No. 628, Pasuruan 71511, NTT', '2026-01-09 16:16:55', '2026-01-09 16:16:55');
INSERT INTO pets (id, customer_id, name, type, breed, age_years, gender, created_at, updated_at) VALUES (13, 13, 'Diana', 'Burung', NULL, 3, 'Jantan', '2026-01-09 16:16:55', '2026-01-09 16:16:55');
INSERT INTO customers (id, customer_code, name, phone_number, address, created_at, updated_at) VALUES (14, 'CST-20260430-0014', 'Diana Eli Melani', '(+62) 598 8650 368', 'Ki. Bappenas No. 519, Kupang 97784, Sultra', '2026-04-18 16:16:55', '2026-04-18 16:16:55');
INSERT INTO pets (id, customer_id, name, type, breed, age_years, gender, created_at, updated_at) VALUES (14, 14, 'Ibrahim', 'Kelinci', NULL, 10, 'Betina', '2026-04-18 16:16:55', '2026-04-18 16:16:55');
INSERT INTO customers (id, customer_code, name, phone_number, address, created_at, updated_at) VALUES (15, 'CST-20260206-0015', 'Tasdik Nugroho', '0793 7391 194', 'Gg. Camar No. 432, Mataram 39784, Kaltara', '2026-03-10 16:16:55', '2026-03-10 16:16:55');
INSERT INTO pets (id, customer_id, name, type, breed, age_years, gender, created_at, updated_at) VALUES (15, 15, 'Taswir', 'Hamster', NULL, 3, 'Jantan', '2026-03-10 16:16:55', '2026-03-10 16:16:55');
INSERT INTO customers (id, customer_code, name, phone_number, address, created_at, updated_at) VALUES (16, 'CST-20260131-0016', 'Hilda Samiah Namaga M.Ak', '(+62) 26 0499 051', 'Jr. Yohanes No. 834, Madiun 51144, Aceh', '2026-05-29 16:16:55', '2026-05-29 16:16:55');
INSERT INTO pets (id, customer_id, name, type, breed, age_years, gender, created_at, updated_at) VALUES (16, 16, 'Tedi', 'Kucing', NULL, 7, 'Betina', '2026-05-29 16:16:55', '2026-05-29 16:16:55');
INSERT INTO customers (id, customer_code, name, phone_number, address, created_at, updated_at) VALUES (17, 'CST-20260312-0017', 'Yani Kusmawati S.I.Kom', '(+62) 484 0556 4222', 'Jln. Baung No. 248, Yogyakarta 94014, Sumut', '2026-02-07 16:16:55', '2026-02-07 16:16:55');
INSERT INTO pets (id, customer_id, name, type, breed, age_years, gender, created_at, updated_at) VALUES (17, 17, 'Vanesa', 'Anjing', NULL, 3, 'Betina', '2026-02-07 16:16:55', '2026-02-07 16:16:55');
INSERT INTO pets (id, customer_id, name, type, breed, age_years, gender, created_at, updated_at) VALUES (18, 17, 'Lala', 'Burung', NULL, 4, 'Betina', '2026-02-07 16:16:55', '2026-02-07 16:16:55');
INSERT INTO customers (id, customer_code, name, phone_number, address, created_at, updated_at) VALUES (18, 'CST-20260227-0018', 'Mulyono Mandala', '(+62) 593 8761 4000', 'Jln. Sudirman No. 378, Mojokerto 43946, NTB', '2026-04-02 16:16:55', '2026-04-02 16:16:55');
INSERT INTO pets (id, customer_id, name, type, breed, age_years, gender, created_at, updated_at) VALUES (19, 18, 'Kalim', 'Kelinci', NULL, 9, 'Betina', '2026-04-02 16:16:55', '2026-04-02 16:16:55');
INSERT INTO customers (id, customer_code, name, phone_number, address, created_at, updated_at) VALUES (19, 'CST-20260412-0019', 'Suci Rahimah', '(+62) 749 1440 4636', 'Jln. Sutami No. 730, Mojokerto 55548, Malut', '2026-07-06 16:16:55', '2026-07-06 16:16:55');
INSERT INTO pets (id, customer_id, name, type, breed, age_years, gender, created_at, updated_at) VALUES (20, 19, 'Prima', 'Anjing', NULL, 8, 'Betina', '2026-07-06 16:16:55', '2026-07-06 16:16:55');
INSERT INTO customers (id, customer_code, name, phone_number, address, created_at, updated_at) VALUES (20, 'CST-20260116-0020', 'Nrima Hidayat', '(+62) 930 6985 835', 'Dk. Gajah No. 618, Makassar 53329, Sumbar', '2026-02-27 16:16:55', '2026-02-27 16:16:55');
INSERT INTO pets (id, customer_id, name, type, breed, age_years, gender, created_at, updated_at) VALUES (21, 20, 'Gada', 'Kelinci', NULL, 7, 'Jantan', '2026-02-27 16:16:55', '2026-02-27 16:16:55');
INSERT INTO customers (id, customer_code, name, phone_number, address, created_at, updated_at) VALUES (21, 'CST-20260326-0021', 'Karya Bambang Utama S.Kom', '(+62) 286 0530 891', 'Jln. Bayan No. 788, Tegal 11712, Aceh', '2026-05-22 16:16:55', '2026-05-22 16:16:55');
INSERT INTO pets (id, customer_id, name, type, breed, age_years, gender, created_at, updated_at) VALUES (22, 21, 'Luis', 'Kelinci', NULL, 6, 'Betina', '2026-05-22 16:16:55', '2026-05-22 16:16:55');
INSERT INTO customers (id, customer_code, name, phone_number, address, created_at, updated_at) VALUES (22, 'CST-20260311-0022', 'Clara Wijayanti', '0749 5252 471', 'Jr. Abdullah No. 528, Tarakan 48638, Sumut', '2026-06-06 16:16:55', '2026-06-06 16:16:55');
INSERT INTO pets (id, customer_id, name, type, breed, age_years, gender, created_at, updated_at) VALUES (23, 22, 'Viman', 'Kucing', NULL, 3, 'Betina', '2026-06-06 16:16:55', '2026-06-06 16:16:55');
INSERT INTO pets (id, customer_id, name, type, breed, age_years, gender, created_at, updated_at) VALUES (24, 22, 'Alika', 'Anjing', NULL, 9, 'Betina', '2026-06-06 16:16:55', '2026-06-06 16:16:55');
INSERT INTO pets (id, customer_id, name, type, breed, age_years, gender, created_at, updated_at) VALUES (25, 22, 'Elvina', 'Kucing', NULL, 10, 'Betina', '2026-06-06 16:16:55', '2026-06-06 16:16:55');
INSERT INTO pets (id, customer_id, name, type, breed, age_years, gender, created_at, updated_at) VALUES (26, 22, 'Vicky', 'Kelinci', NULL, 4, 'Betina', '2026-06-06 16:16:55', '2026-06-06 16:16:55');
INSERT INTO customers (id, customer_code, name, phone_number, address, created_at, updated_at) VALUES (23, 'CST-20260416-0023', 'Ratna Nuraini', '0444 2021 241', 'Jr. Sukabumi No. 623, Probolinggo 13984, Malut', '2026-03-26 16:16:55', '2026-03-26 16:16:55');
INSERT INTO pets (id, customer_id, name, type, breed, age_years, gender, created_at, updated_at) VALUES (27, 23, 'Irwan', 'Kucing', NULL, 5, 'Jantan', '2026-03-26 16:16:55', '2026-03-26 16:16:55');
INSERT INTO customers (id, customer_code, name, phone_number, address, created_at, updated_at) VALUES (24, 'CST-20260509-0024', 'Ajeng Rahimah', '0350 0637 206', 'Psr. Sugiono No. 198, Blitar 99027, DKI', '2026-02-22 16:16:55', '2026-02-22 16:16:55');
INSERT INTO pets (id, customer_id, name, type, breed, age_years, gender, created_at, updated_at) VALUES (28, 24, 'Elisa', 'Kelinci', NULL, 3, 'Betina', '2026-02-22 16:16:55', '2026-02-22 16:16:55');
INSERT INTO customers (id, customer_code, name, phone_number, address, created_at, updated_at) VALUES (25, 'CST-20260706-0025', 'Zamira Kuswandari', '(+62) 256 6869 5022', 'Dk. K.H. Wahid Hasyim (Kopo) No. 78, Bekasi 74828, Sulteng', '2026-03-08 16:16:55', '2026-03-08 16:16:55');
INSERT INTO pets (id, customer_id, name, type, breed, age_years, gender, created_at, updated_at) VALUES (29, 25, 'Ridwan', 'Kucing', NULL, 3, 'Betina', '2026-03-08 16:16:55', '2026-03-08 16:16:55');
INSERT INTO customers (id, customer_code, name, phone_number, address, created_at, updated_at) VALUES (26, 'CST-20260304-0026', 'Naradi Prasasta', '(+62) 801 1722 4891', 'Kpg. Sutoyo No. 574, Parepare 43808, Lampung', '2026-04-13 16:16:55', '2026-04-13 16:16:55');
INSERT INTO pets (id, customer_id, name, type, breed, age_years, gender, created_at, updated_at) VALUES (30, 26, 'Pandu', 'Burung', NULL, 7, 'Betina', '2026-04-13 16:16:55', '2026-04-13 16:16:55');
INSERT INTO customers (id, customer_code, name, phone_number, address, created_at, updated_at) VALUES (27, 'CST-20260505-0027', 'Zamira Sadina Kusmawati S.Kom', '0990 4448 428', 'Jln. Rajiman No. 933, Gorontalo 53938, NTB', '2026-03-06 16:16:55', '2026-03-06 16:16:55');
INSERT INTO pets (id, customer_id, name, type, breed, age_years, gender, created_at, updated_at) VALUES (31, 27, 'Kiandra', 'Burung', NULL, 7, 'Jantan', '2026-03-06 16:16:55', '2026-03-06 16:16:55');
INSERT INTO customers (id, customer_code, name, phone_number, address, created_at, updated_at) VALUES (28, 'CST-20260508-0028', 'Usyi Eli Usada S.IP', '0890 826 115', 'Jr. Baung No. 196, Banjarbaru 37064, Pabar', '2026-02-24 16:16:55', '2026-02-24 16:16:55');
INSERT INTO pets (id, customer_id, name, type, breed, age_years, gender, created_at, updated_at) VALUES (32, 28, 'Sari', 'Anjing', NULL, 1, 'Jantan', '2026-02-24 16:16:55', '2026-02-24 16:16:55');
INSERT INTO pets (id, customer_id, name, type, breed, age_years, gender, created_at, updated_at) VALUES (33, 28, 'Reza', 'Anjing', NULL, 3, 'Jantan', '2026-02-24 16:16:55', '2026-02-24 16:16:55');
INSERT INTO pets (id, customer_id, name, type, breed, age_years, gender, created_at, updated_at) VALUES (34, 28, 'Putri', 'Hamster', NULL, 1, 'Jantan', '2026-02-24 16:16:55', '2026-02-24 16:16:55');
INSERT INTO customers (id, customer_code, name, phone_number, address, created_at, updated_at) VALUES (29, 'CST-20260526-0029', 'Ibrahim Halim', '(+62) 917 1792 201', 'Jln. Ikan No. 546, Bima 80314, Sulsel', '2026-03-12 16:16:55', '2026-03-12 16:16:55');
INSERT INTO pets (id, customer_id, name, type, breed, age_years, gender, created_at, updated_at) VALUES (35, 29, 'Salman', 'Kucing', NULL, 3, 'Betina', '2026-03-12 16:16:55', '2026-03-12 16:16:55');
INSERT INTO customers (id, customer_code, name, phone_number, address, created_at, updated_at) VALUES (30, 'CST-20260111-0030', 'Lalita Wastuti', '0230 7834 4816', 'Gg. Cikapayang No. 913, Bengkulu 88221, Kaltara', '2026-03-04 16:16:55', '2026-03-04 16:16:55');
INSERT INTO pets (id, customer_id, name, type, breed, age_years, gender, created_at, updated_at) VALUES (36, 30, 'Saka', 'Kucing', NULL, 5, 'Betina', '2026-03-04 16:16:55', '2026-03-04 16:16:55');
INSERT INTO customers (id, customer_code, name, phone_number, address, created_at, updated_at) VALUES (31, 'CST-20260317-0031', 'Ratih Salwa Pertiwi', '(+62) 940 2791 4052', 'Jr. Basoka Raya No. 133, Palopo 42999, Pabar', '2026-02-26 16:16:55', '2026-02-26 16:16:55');
INSERT INTO pets (id, customer_id, name, type, breed, age_years, gender, created_at, updated_at) VALUES (37, 31, 'Shakila', 'Hamster', NULL, 9, 'Jantan', '2026-02-26 16:16:55', '2026-02-26 16:16:55');
INSERT INTO customers (id, customer_code, name, phone_number, address, created_at, updated_at) VALUES (32, 'CST-20260609-0032', 'Hasna Purnawati', '(+62) 276 0124 437', 'Jr. Pahlawan No. 486, Subulussalam 43841, Riau', '2026-02-16 16:16:55', '2026-02-16 16:16:55');
INSERT INTO pets (id, customer_id, name, type, breed, age_years, gender, created_at, updated_at) VALUES (38, 32, 'Julia', 'Burung', NULL, 1, 'Betina', '2026-02-16 16:16:55', '2026-02-16 16:16:55');
INSERT INTO customers (id, customer_code, name, phone_number, address, created_at, updated_at) VALUES (33, 'CST-20260202-0033', 'Yuliana Sudiati', '0554 1968 9413', 'Gg. Kyai Mojo No. 169, Pekanbaru 73941, Kalsel', '2026-03-13 16:16:55', '2026-03-13 16:16:55');
INSERT INTO pets (id, customer_id, name, type, breed, age_years, gender, created_at, updated_at) VALUES (39, 33, 'Padma', 'Burung', NULL, 8, 'Betina', '2026-03-13 16:16:55', '2026-03-13 16:16:55');
INSERT INTO customers (id, customer_code, name, phone_number, address, created_at, updated_at) VALUES (34, 'CST-20260420-0034', 'Eva Paris Laksita', '(+62) 944 9340 3109', 'Jln. Sutarto No. 614, Banda Aceh 86531, Aceh', '2026-07-04 16:16:55', '2026-07-04 16:16:55');
INSERT INTO pets (id, customer_id, name, type, breed, age_years, gender, created_at, updated_at) VALUES (40, 34, 'Timbul', 'Hamster', NULL, 6, 'Jantan', '2026-07-04 16:16:55', '2026-07-04 16:16:55');
INSERT INTO customers (id, customer_code, name, phone_number, address, created_at, updated_at) VALUES (35, 'CST-20260210-0035', 'Rina Dina Melani', '0338 9363 520', 'Jln. Abdul. Muis No. 415, Sawahlunto 21062, Banten', '2026-02-08 16:16:55', '2026-02-08 16:16:55');
INSERT INTO pets (id, customer_id, name, type, breed, age_years, gender, created_at, updated_at) VALUES (41, 35, 'Estiono', 'Kelinci', NULL, 9, 'Jantan', '2026-02-08 16:16:55', '2026-02-08 16:16:55');
INSERT INTO customers (id, customer_code, name, phone_number, address, created_at, updated_at) VALUES (36, 'CST-20260404-0036', 'Genta Maida Wijayanti', '0783 0003 9503', 'Kpg. Rajawali Timur No. 702, Medan 29697, Banten', '2026-04-27 16:16:55', '2026-04-27 16:16:55');
INSERT INTO pets (id, customer_id, name, type, breed, age_years, gender, created_at, updated_at) VALUES (42, 36, 'Nalar', 'Anjing', NULL, 5, 'Betina', '2026-04-27 16:16:55', '2026-04-27 16:16:55');
INSERT INTO customers (id, customer_code, name, phone_number, address, created_at, updated_at) VALUES (37, 'CST-20260629-0037', 'Wisnu Pangestu', '(+62) 309 8903 748', 'Ds. Basuki No. 632, Kendari 28263, DIY', '2026-04-22 16:16:55', '2026-04-22 16:16:55');
INSERT INTO pets (id, customer_id, name, type, breed, age_years, gender, created_at, updated_at) VALUES (43, 37, 'Eko', 'Anjing', NULL, 6, 'Jantan', '2026-04-22 16:16:55', '2026-04-22 16:16:55');
INSERT INTO customers (id, customer_code, name, phone_number, address, created_at, updated_at) VALUES (38, 'CST-20260424-0038', 'Cemplunk Prasetya', '(+62) 665 4919 0104', 'Gg. Gajah Mada No. 834, Palangka Raya 52108, NTB', '2026-06-07 16:16:55', '2026-06-07 16:16:55');
INSERT INTO pets (id, customer_id, name, type, breed, age_years, gender, created_at, updated_at) VALUES (44, 38, 'Gamani', 'Kelinci', NULL, 2, 'Jantan', '2026-06-07 16:16:55', '2026-06-07 16:16:55');
INSERT INTO pets (id, customer_id, name, type, breed, age_years, gender, created_at, updated_at) VALUES (45, 38, 'Ina', 'Hamster', NULL, 4, 'Jantan', '2026-06-07 16:16:55', '2026-06-07 16:16:55');
INSERT INTO pets (id, customer_id, name, type, breed, age_years, gender, created_at, updated_at) VALUES (46, 38, 'Hafshah', 'Kelinci', NULL, 4, 'Jantan', '2026-06-07 16:16:55', '2026-06-07 16:16:55');
INSERT INTO pets (id, customer_id, name, type, breed, age_years, gender, created_at, updated_at) VALUES (47, 38, 'Gading', 'Kucing', NULL, 3, 'Betina', '2026-06-07 16:16:55', '2026-06-07 16:16:55');
INSERT INTO customers (id, customer_code, name, phone_number, address, created_at, updated_at) VALUES (39, 'CST-20260506-0039', 'Viktor Yoga Napitupulu', '0779 6339 1875', 'Ki. Bara Tambar No. 968, Tidore Kepulauan 85331, Sulut', '2026-03-25 16:16:55', '2026-03-25 16:16:55');
INSERT INTO pets (id, customer_id, name, type, breed, age_years, gender, created_at, updated_at) VALUES (48, 39, 'Julia', 'Anjing', NULL, 4, 'Betina', '2026-03-25 16:16:55', '2026-03-25 16:16:55');
INSERT INTO pets (id, customer_id, name, type, breed, age_years, gender, created_at, updated_at) VALUES (49, 39, 'Elisa', 'Kelinci', NULL, 10, 'Jantan', '2026-03-25 16:16:55', '2026-03-25 16:16:55');
INSERT INTO pets (id, customer_id, name, type, breed, age_years, gender, created_at, updated_at) VALUES (50, 39, 'Nova', 'Anjing', NULL, 5, 'Jantan', '2026-03-25 16:16:55', '2026-03-25 16:16:55');
INSERT INTO customers (id, customer_code, name, phone_number, address, created_at, updated_at) VALUES (40, 'CST-20260324-0040', 'Jaya Yahya Iswahyudi S.Farm', '(+62) 944 9930 310', 'Jr. Barat No. 859, Banjarmasin 88607, Kaltara', '2026-06-23 16:16:55', '2026-06-23 16:16:55');
INSERT INTO pets (id, customer_id, name, type, breed, age_years, gender, created_at, updated_at) VALUES (51, 40, 'Soleh', 'Kelinci', NULL, 5, 'Jantan', '2026-06-23 16:16:55', '2026-06-23 16:16:55');
INSERT INTO customers (id, customer_code, name, phone_number, address, created_at, updated_at) VALUES (41, 'CST-20260624-0041', 'Genta Vanya Laksmiwati', '0504 7971 477', 'Kpg. Bambon No. 976, Sorong 34389, Gorontalo', '2026-03-07 16:16:55', '2026-03-07 16:16:55');
INSERT INTO pets (id, customer_id, name, type, breed, age_years, gender, created_at, updated_at) VALUES (52, 41, 'Intan', 'Anjing', NULL, 1, 'Betina', '2026-03-07 16:16:55', '2026-03-07 16:16:55');
INSERT INTO customers (id, customer_code, name, phone_number, address, created_at, updated_at) VALUES (42, 'CST-20260120-0042', 'Satya Dacin Situmorang S.Psi', '(+62) 849 005 570', 'Kpg. Gajah Mada No. 446, Lhokseumawe 44763, Kaltim', '2026-06-04 16:16:55', '2026-06-04 16:16:55');
INSERT INTO pets (id, customer_id, name, type, breed, age_years, gender, created_at, updated_at) VALUES (53, 42, 'Bancar', 'Kelinci', NULL, 1, 'Betina', '2026-06-04 16:16:55', '2026-06-04 16:16:55');
INSERT INTO customers (id, customer_code, name, phone_number, address, created_at, updated_at) VALUES (43, 'CST-20260112-0043', 'Jelita Wulandari', '(+62) 634 7289 0870', 'Psr. Kalimantan No. 536, Denpasar 56364, Kaltim', '2026-07-01 16:16:55', '2026-07-01 16:16:55');
INSERT INTO pets (id, customer_id, name, type, breed, age_years, gender, created_at, updated_at) VALUES (54, 43, 'Luwar', 'Kucing', NULL, 9, 'Jantan', '2026-07-01 16:16:55', '2026-07-01 16:16:55');
INSERT INTO pets (id, customer_id, name, type, breed, age_years, gender, created_at, updated_at) VALUES (55, 43, 'Gading', 'Burung', NULL, 6, 'Jantan', '2026-07-01 16:16:55', '2026-07-01 16:16:55');
INSERT INTO customers (id, customer_code, name, phone_number, address, created_at, updated_at) VALUES (44, 'CST-20260328-0044', 'Danu Hutagalung M.Farm', '(+62) 903 0703 5904', 'Gg. Sadang Serang No. 976, Tasikmalaya 75825, Sumbar', '2026-06-14 16:16:55', '2026-06-14 16:16:55');
INSERT INTO pets (id, customer_id, name, type, breed, age_years, gender, created_at, updated_at) VALUES (56, 44, 'Kajen', 'Hamster', NULL, 8, 'Betina', '2026-06-14 16:16:55', '2026-06-14 16:16:55');
INSERT INTO customers (id, customer_code, name, phone_number, address, created_at, updated_at) VALUES (45, 'CST-20260629-0045', 'Mursinin Damanik S.E.', '(+62) 26 1049 5654', 'Kpg. Basket No. 80, Batu 35413, Sulut', '2026-06-08 16:16:55', '2026-06-08 16:16:55');
INSERT INTO pets (id, customer_id, name, type, breed, age_years, gender, created_at, updated_at) VALUES (57, 45, 'Bagas', 'Kucing', NULL, 3, 'Jantan', '2026-06-08 16:16:55', '2026-06-08 16:16:55');
INSERT INTO customers (id, customer_code, name, phone_number, address, created_at, updated_at) VALUES (46, 'CST-20260312-0046', 'Sabrina Umi Anggraini', '0903 2247 047', 'Psr. Arifin No. 655, Palopo 26822, Sulbar', '2026-03-21 16:16:55', '2026-03-21 16:16:55');
INSERT INTO pets (id, customer_id, name, type, breed, age_years, gender, created_at, updated_at) VALUES (58, 46, 'Oskar', 'Hamster', NULL, 4, 'Jantan', '2026-03-21 16:16:55', '2026-03-21 16:16:55');
INSERT INTO customers (id, customer_code, name, phone_number, address, created_at, updated_at) VALUES (47, 'CST-20260322-0047', 'Salwa Namaga S.Farm', '0433 6945 1558', 'Ki. Ciwastra No. 510, Langsa 75544, Jabar', '2026-06-11 16:16:55', '2026-06-11 16:16:55');
INSERT INTO pets (id, customer_id, name, type, breed, age_years, gender, created_at, updated_at) VALUES (59, 47, 'Atmaja', 'Hamster', NULL, 4, 'Jantan', '2026-06-11 16:16:55', '2026-06-11 16:16:55');
INSERT INTO customers (id, customer_code, name, phone_number, address, created_at, updated_at) VALUES (48, 'CST-20260605-0048', 'Raihan Wahyudin', '(+62) 388 8165 787', 'Gg. Sentot Alibasa No. 213, Jayapura 93002, Jatim', '2026-05-02 16:16:55', '2026-05-02 16:16:55');
INSERT INTO pets (id, customer_id, name, type, breed, age_years, gender, created_at, updated_at) VALUES (60, 48, 'Silvia', 'Anjing', NULL, 4, 'Jantan', '2026-05-02 16:16:55', '2026-05-02 16:16:55');
INSERT INTO customers (id, customer_code, name, phone_number, address, created_at, updated_at) VALUES (49, 'CST-20260311-0049', 'Narji Gunarto', '(+62) 893 674 167', 'Gg. Sampangan No. 815, Tidore Kepulauan 76069, Sumut', '2026-01-31 16:16:55', '2026-01-31 16:16:55');
INSERT INTO pets (id, customer_id, name, type, breed, age_years, gender, created_at, updated_at) VALUES (61, 49, 'Gatra', 'Anjing', NULL, 7, 'Betina', '2026-01-31 16:16:55', '2026-01-31 16:16:55');
INSERT INTO customers (id, customer_code, name, phone_number, address, created_at, updated_at) VALUES (50, 'CST-20260125-0050', 'Kardi Taufik Dongoran', '0657 9918 2384', 'Kpg. R.E. Martadinata No. 787, Tebing Tinggi 73958, Aceh', '2026-05-12 16:16:55', '2026-05-12 16:16:55');
INSERT INTO pets (id, customer_id, name, type, breed, age_years, gender, created_at, updated_at) VALUES (62, 50, 'Dagel', 'Anjing', NULL, 10, 'Betina', '2026-05-12 16:16:55', '2026-05-12 16:16:55');
INSERT INTO customers (id, customer_code, name, phone_number, address, created_at, updated_at) VALUES (51, 'CST-20260316-0051', 'Sarah Anastasia Mardhiyah S.T.', '(+62) 807 6310 9906', 'Kpg. Warga No. 497, Sawahlunto 22712, Sulsel', '2026-05-05 16:16:55', '2026-05-05 16:16:55');
INSERT INTO pets (id, customer_id, name, type, breed, age_years, gender, created_at, updated_at) VALUES (63, 51, 'Yoga', 'Kucing', NULL, 8, 'Betina', '2026-05-05 16:16:55', '2026-05-05 16:16:55');
INSERT INTO customers (id, customer_code, name, phone_number, address, created_at, updated_at) VALUES (52, 'CST-20260624-0052', 'Intan Anggraini', '(+62) 26 9312 802', 'Psr. Cemara No. 826, Salatiga 90702, Kalsel', '2026-06-23 16:16:55', '2026-06-23 16:16:55');
INSERT INTO pets (id, customer_id, name, type, breed, age_years, gender, created_at, updated_at) VALUES (64, 52, 'Rina', 'Kelinci', NULL, 6, 'Jantan', '2026-06-23 16:16:55', '2026-06-23 16:16:55');
INSERT INTO customers (id, customer_code, name, phone_number, address, created_at, updated_at) VALUES (53, 'CST-20260113-0053', 'Gatot Winarno', '(+62) 523 3785 260', 'Kpg. Agus Salim No. 415, Depok 73775, Jateng', '2026-04-17 16:16:55', '2026-04-17 16:16:55');
INSERT INTO pets (id, customer_id, name, type, breed, age_years, gender, created_at, updated_at) VALUES (65, 53, 'Satya', 'Kelinci', NULL, 5, 'Jantan', '2026-04-17 16:16:55', '2026-04-17 16:16:55');
INSERT INTO customers (id, customer_code, name, phone_number, address, created_at, updated_at) VALUES (54, 'CST-20260521-0054', 'Jelita Kartika Puspasari', '0562 3042 976', 'Ds. Salak No. 220, Tarakan 26263, Kaltara', '2026-04-04 16:16:55', '2026-04-04 16:16:55');
INSERT INTO pets (id, customer_id, name, type, breed, age_years, gender, created_at, updated_at) VALUES (66, 54, 'Mahfud', 'Burung', NULL, 8, 'Jantan', '2026-04-04 16:16:55', '2026-04-04 16:16:55');
INSERT INTO customers (id, customer_code, name, phone_number, address, created_at, updated_at) VALUES (55, 'CST-20260523-0055', 'Yulia Purwanti', '(+62) 880 5764 430', 'Ds. Dahlia No. 872, Dumai 90011, Kalteng', '2026-05-02 16:16:55', '2026-05-02 16:16:55');
INSERT INTO pets (id, customer_id, name, type, breed, age_years, gender, created_at, updated_at) VALUES (67, 55, 'Darmana', 'Hamster', NULL, 3, 'Betina', '2026-05-02 16:16:55', '2026-05-02 16:16:55');
INSERT INTO customers (id, customer_code, name, phone_number, address, created_at, updated_at) VALUES (56, 'CST-20260513-0056', 'Anastasia Nurdiyanti S.T.', '(+62) 959 3190 2073', 'Psr. Bahagia No. 925, Pekanbaru 81428, Sumbar', '2026-03-15 16:16:55', '2026-03-15 16:16:55');
INSERT INTO pets (id, customer_id, name, type, breed, age_years, gender, created_at, updated_at) VALUES (68, 56, 'Cemani', 'Burung', NULL, 10, 'Betina', '2026-03-15 16:16:55', '2026-03-15 16:16:55');
INSERT INTO customers (id, customer_code, name, phone_number, address, created_at, updated_at) VALUES (57, 'CST-20260506-0057', 'Iriana Bella Handayani M.TI.', '021 8935 5496', 'Ds. Juanda No. 531, Ambon 99551, Jateng', '2026-04-24 16:16:55', '2026-04-24 16:16:55');
INSERT INTO pets (id, customer_id, name, type, breed, age_years, gender, created_at, updated_at) VALUES (69, 57, 'Cakrabuana', 'Anjing', NULL, 7, 'Betina', '2026-04-24 16:16:55', '2026-04-24 16:16:55');
INSERT INTO customers (id, customer_code, name, phone_number, address, created_at, updated_at) VALUES (58, 'CST-20260222-0058', 'Ifa Padmasari', '(+62) 294 3771 9616', 'Kpg. Wahidin No. 640, Tasikmalaya 50431, NTT', '2026-05-29 16:16:55', '2026-05-29 16:16:55');
INSERT INTO pets (id, customer_id, name, type, breed, age_years, gender, created_at, updated_at) VALUES (70, 58, 'Puput', 'Hamster', NULL, 9, 'Betina', '2026-05-29 16:16:55', '2026-05-29 16:16:55');
INSERT INTO customers (id, customer_code, name, phone_number, address, created_at, updated_at) VALUES (59, 'CST-20260620-0059', 'Puspa Mutia Purnawati', '0967 2571 4618', 'Dk. Wahidin No. 127, Parepare 45442, Lampung', '2026-03-04 16:16:55', '2026-03-04 16:16:55');
INSERT INTO pets (id, customer_id, name, type, breed, age_years, gender, created_at, updated_at) VALUES (71, 59, 'Marwata', 'Kucing', NULL, 3, 'Betina', '2026-03-04 16:16:55', '2026-03-04 16:16:55');
INSERT INTO customers (id, customer_code, name, phone_number, address, created_at, updated_at) VALUES (60, 'CST-20260405-0060', 'Sadina Vicky Safitri', '0306 8824 9628', 'Psr. Baranangsiang No. 281, Sukabumi 47568, Papua', '2026-03-23 16:16:55', '2026-03-23 16:16:55');
INSERT INTO pets (id, customer_id, name, type, breed, age_years, gender, created_at, updated_at) VALUES (72, 60, 'Hilda', 'Burung', NULL, 6, 'Jantan', '2026-03-23 16:16:55', '2026-03-23 16:16:55');
INSERT INTO customers (id, customer_code, name, phone_number, address, created_at, updated_at) VALUES (61, 'CST-20260303-0061', 'Jumadi Galar Thamrin', '(+62) 647 9615 992', 'Ds. Merdeka No. 400, Bitung 54336, Babel', '2026-05-20 16:16:55', '2026-05-20 16:16:55');
INSERT INTO pets (id, customer_id, name, type, breed, age_years, gender, created_at, updated_at) VALUES (73, 61, 'Emas', 'Hamster', NULL, 8, 'Jantan', '2026-05-20 16:16:55', '2026-05-20 16:16:55');
INSERT INTO customers (id, customer_code, name, phone_number, address, created_at, updated_at) VALUES (62, 'CST-20260414-0062', 'Jessica Hafshah Hasanah', '(+62) 217 1406 2906', 'Gg. Sudirman No. 923, Semarang 37636, Sulsel', '2026-06-18 16:16:55', '2026-06-18 16:16:55');
INSERT INTO pets (id, customer_id, name, type, breed, age_years, gender, created_at, updated_at) VALUES (74, 62, 'Emong', 'Kelinci', NULL, 6, 'Betina', '2026-06-18 16:16:55', '2026-06-18 16:16:55');
INSERT INTO customers (id, customer_code, name, phone_number, address, created_at, updated_at) VALUES (63, 'CST-20260512-0063', 'Farhunnisa Hesti Prastuti S.Pt', '0250 8200 204', 'Jr. B.Agam 1 No. 244, Tidore Kepulauan 95396, Sumbar', '2026-04-08 16:16:55', '2026-04-08 16:16:55');
INSERT INTO pets (id, customer_id, name, type, breed, age_years, gender, created_at, updated_at) VALUES (75, 63, 'Wakiman', 'Burung', NULL, 10, 'Betina', '2026-04-08 16:16:55', '2026-04-08 16:16:55');
INSERT INTO customers (id, customer_code, name, phone_number, address, created_at, updated_at) VALUES (64, 'CST-20260407-0064', 'Michelle Rika Yulianti M.Kom.', '0875 8824 440', 'Gg. Salam No. 31, Semarang 71342, Pabar', '2026-02-26 16:16:55', '2026-02-26 16:16:55');
INSERT INTO pets (id, customer_id, name, type, breed, age_years, gender, created_at, updated_at) VALUES (76, 64, 'Tomi', 'Anjing', NULL, 10, 'Betina', '2026-02-26 16:16:55', '2026-02-26 16:16:55');
INSERT INTO customers (id, customer_code, name, phone_number, address, created_at, updated_at) VALUES (65, 'CST-20260511-0065', 'Jaya Salahudin S.Psi', '(+62) 423 1305 043', 'Ki. Daan No. 761, Gorontalo 49410, Kaltim', '2026-03-14 16:16:55', '2026-03-14 16:16:55');
INSERT INTO pets (id, customer_id, name, type, breed, age_years, gender, created_at, updated_at) VALUES (77, 65, 'Kamaria', 'Anjing', NULL, 8, 'Betina', '2026-03-14 16:16:55', '2026-03-14 16:16:55');
INSERT INTO customers (id, customer_code, name, phone_number, address, created_at, updated_at) VALUES (66, 'CST-20260423-0066', 'Agnes Usyi Widiastuti S.Sos', '0575 5176 1825', 'Jln. Antapani Lama No. 808, Sukabumi 32840, Sumsel', '2026-03-09 16:16:55', '2026-03-09 16:16:55');
INSERT INTO pets (id, customer_id, name, type, breed, age_years, gender, created_at, updated_at) VALUES (78, 66, 'Lalita', 'Kelinci', NULL, 9, 'Jantan', '2026-03-09 16:16:55', '2026-03-09 16:16:55');
INSERT INTO customers (id, customer_code, name, phone_number, address, created_at, updated_at) VALUES (67, 'CST-20260628-0067', 'Bakti Marsudi Ardianto', '(+62) 827 9303 6890', 'Psr. Pasir Koja No. 871, Administrasi Jakarta Barat 72632, Jabar', '2026-05-27 16:16:55', '2026-05-27 16:16:55');
INSERT INTO pets (id, customer_id, name, type, breed, age_years, gender, created_at, updated_at) VALUES (79, 67, 'Teguh', 'Kucing', NULL, 5, 'Betina', '2026-05-27 16:16:55', '2026-05-27 16:16:55');
INSERT INTO customers (id, customer_code, name, phone_number, address, created_at, updated_at) VALUES (68, 'CST-20260111-0068', 'Elvin Firgantoro S.Gz', '0264 7524 0988', 'Dk. Cikapayang No. 220, Sawahlunto 99806, Banten', '2026-01-26 16:16:55', '2026-01-26 16:16:55');
INSERT INTO pets (id, customer_id, name, type, breed, age_years, gender, created_at, updated_at) VALUES (80, 68, 'Yono', 'Kucing', NULL, 7, 'Jantan', '2026-01-26 16:16:55', '2026-01-26 16:16:55');
INSERT INTO pets (id, customer_id, name, type, breed, age_years, gender, created_at, updated_at) VALUES (81, 68, 'Cayadi', 'Hamster', NULL, 6, 'Jantan', '2026-01-26 16:16:55', '2026-01-26 16:16:55');
INSERT INTO customers (id, customer_code, name, phone_number, address, created_at, updated_at) VALUES (69, 'CST-20260626-0069', 'Chelsea Kusmawati S.H.', '(+62) 612 7658 0284', 'Ki. Bazuka Raya No. 693, Bima 82025, Sulbar', '2026-03-18 16:16:55', '2026-03-18 16:16:55');
INSERT INTO pets (id, customer_id, name, type, breed, age_years, gender, created_at, updated_at) VALUES (82, 69, 'Febi', 'Anjing', NULL, 3, 'Jantan', '2026-03-18 16:16:55', '2026-03-18 16:16:55');
INSERT INTO customers (id, customer_code, name, phone_number, address, created_at, updated_at) VALUES (70, 'CST-20260117-0070', 'Jumadi Wacana', '(+62) 649 3592 475', 'Ds. Cut Nyak Dien No. 253, Administrasi Jakarta Barat 86181, Sumut', '2026-04-23 16:16:55', '2026-04-23 16:16:55');
INSERT INTO pets (id, customer_id, name, type, breed, age_years, gender, created_at, updated_at) VALUES (83, 70, 'Karimah', 'Hamster', NULL, 10, 'Jantan', '2026-04-23 16:16:55', '2026-04-23 16:16:55');
INSERT INTO pets (id, customer_id, name, type, breed, age_years, gender, created_at, updated_at) VALUES (84, 70, 'Gangsa', 'Anjing', NULL, 10, 'Betina', '2026-04-23 16:16:55', '2026-04-23 16:16:55');
INSERT INTO pets (id, customer_id, name, type, breed, age_years, gender, created_at, updated_at) VALUES (85, 70, 'Diah', 'Anjing', NULL, 7, 'Jantan', '2026-04-23 16:16:55', '2026-04-23 16:16:55');
INSERT INTO customers (id, customer_code, name, phone_number, address, created_at, updated_at) VALUES (71, 'CST-20260629-0071', 'Hasim Mahendra S.H.', '0416 9320 608', 'Dk. Mahakam No. 15, Cimahi 94052, NTT', '2026-05-29 16:16:55', '2026-05-29 16:16:55');
INSERT INTO pets (id, customer_id, name, type, breed, age_years, gender, created_at, updated_at) VALUES (86, 71, 'Ciaobella', 'Hamster', NULL, 2, 'Jantan', '2026-05-29 16:16:55', '2026-05-29 16:16:55');
INSERT INTO customers (id, customer_code, name, phone_number, address, created_at, updated_at) VALUES (72, 'CST-20260404-0072', 'Narji Mahendra', '(+62) 775 7496 069', 'Gg. Pasir Koja No. 380, Metro 22093, Kalbar', '2026-06-23 16:16:55', '2026-06-23 16:16:55');
INSERT INTO pets (id, customer_id, name, type, breed, age_years, gender, created_at, updated_at) VALUES (87, 72, 'Lintang', 'Burung', NULL, 8, 'Jantan', '2026-06-23 16:16:55', '2026-06-23 16:16:55');
INSERT INTO pets (id, customer_id, name, type, breed, age_years, gender, created_at, updated_at) VALUES (88, 72, 'Bagya', 'Anjing', NULL, 2, 'Jantan', '2026-06-23 16:16:55', '2026-06-23 16:16:55');
INSERT INTO pets (id, customer_id, name, type, breed, age_years, gender, created_at, updated_at) VALUES (89, 72, 'Tomi', 'Kelinci', NULL, 3, 'Betina', '2026-06-23 16:16:55', '2026-06-23 16:16:55');
INSERT INTO pets (id, customer_id, name, type, breed, age_years, gender, created_at, updated_at) VALUES (90, 72, 'Amelia', 'Kelinci', NULL, 3, 'Betina', '2026-06-23 16:16:55', '2026-06-23 16:16:55');
INSERT INTO customers (id, customer_code, name, phone_number, address, created_at, updated_at) VALUES (73, 'CST-20260208-0073', 'Heru Dimas Mansur', '(+62) 476 6656 7656', 'Psr. Sugiono No. 179, Tebing Tinggi 82933, Lampung', '2026-01-12 16:16:55', '2026-01-12 16:16:55');
INSERT INTO pets (id, customer_id, name, type, breed, age_years, gender, created_at, updated_at) VALUES (91, 73, 'Lili', 'Kelinci', NULL, 4, 'Jantan', '2026-01-12 16:16:55', '2026-01-12 16:16:55');
INSERT INTO customers (id, customer_code, name, phone_number, address, created_at, updated_at) VALUES (74, 'CST-20260422-0074', 'Nadia Wulandari', '0656 2899 6620', 'Jln. Veteran No. 838, Pekalongan 69304, Sulsel', '2026-02-07 16:16:55', '2026-02-07 16:16:55');
INSERT INTO pets (id, customer_id, name, type, breed, age_years, gender, created_at, updated_at) VALUES (92, 74, 'Dalima', 'Hamster', NULL, 7, 'Betina', '2026-02-07 16:16:55', '2026-02-07 16:16:55');
INSERT INTO pets (id, customer_id, name, type, breed, age_years, gender, created_at, updated_at) VALUES (93, 74, 'Marwata', 'Anjing', NULL, 4, 'Betina', '2026-02-07 16:16:55', '2026-02-07 16:16:55');
INSERT INTO customers (id, customer_code, name, phone_number, address, created_at, updated_at) VALUES (75, 'CST-20260523-0075', 'Xanana Mansur', '(+62) 393 8316 918', 'Jr. Imam Bonjol No. 650, Langsa 30220, Lampung', '2026-02-22 16:16:55', '2026-02-22 16:16:55');
INSERT INTO pets (id, customer_id, name, type, breed, age_years, gender, created_at, updated_at) VALUES (94, 75, 'Daliono', 'Kucing', NULL, 8, 'Betina', '2026-02-22 16:16:55', '2026-02-22 16:16:55');
INSERT INTO customers (id, customer_code, name, phone_number, address, created_at, updated_at) VALUES (76, 'CST-20260627-0076', 'Danu Pranowo', '0218 0990 7421', 'Jln. Pattimura No. 930, Administrasi Jakarta Selatan 84420, Kepri', '2026-05-18 16:16:55', '2026-05-18 16:16:55');
INSERT INTO pets (id, customer_id, name, type, breed, age_years, gender, created_at, updated_at) VALUES (95, 76, 'Lalita', 'Hamster', NULL, 3, 'Jantan', '2026-05-18 16:16:55', '2026-05-18 16:16:55');
INSERT INTO customers (id, customer_code, name, phone_number, address, created_at, updated_at) VALUES (77, 'CST-20260317-0077', 'Nurul Namaga', '0220 1725 7078', 'Ds. Daan No. 710, Sorong 32081, Kalbar', '2026-06-11 16:16:55', '2026-06-11 16:16:55');
INSERT INTO pets (id, customer_id, name, type, breed, age_years, gender, created_at, updated_at) VALUES (96, 77, 'Vega', 'Kucing', NULL, 4, 'Jantan', '2026-06-11 16:16:55', '2026-06-11 16:16:55');
INSERT INTO customers (id, customer_code, name, phone_number, address, created_at, updated_at) VALUES (78, 'CST-20260425-0078', 'Dadap Jarwi Irawan S.Kom', '029 1965 6989', 'Kpg. Hayam Wuruk No. 391, Depok 87798, Kepri', '2026-06-12 16:16:55', '2026-06-12 16:16:55');
INSERT INTO pets (id, customer_id, name, type, breed, age_years, gender, created_at, updated_at) VALUES (97, 78, 'Alika', 'Anjing', NULL, 8, 'Betina', '2026-06-12 16:16:55', '2026-06-12 16:16:55');
INSERT INTO customers (id, customer_code, name, phone_number, address, created_at, updated_at) VALUES (79, 'CST-20260221-0079', 'Warsa Galih Latupono S.H.', '0705 0622 2455', 'Psr. Kalimantan No. 501, Tarakan 13266, Bengkulu', '2026-02-08 16:16:55', '2026-02-08 16:16:55');
INSERT INTO pets (id, customer_id, name, type, breed, age_years, gender, created_at, updated_at) VALUES (98, 79, 'Cakrajiya', 'Kelinci', NULL, 1, 'Jantan', '2026-02-08 16:16:55', '2026-02-08 16:16:55');
INSERT INTO customers (id, customer_code, name, phone_number, address, created_at, updated_at) VALUES (80, 'CST-20260530-0080', 'Violet Kuswandari', '023 9167 971', 'Ds. Flora No. 518, Bogor 28341, Kalsel', '2026-05-03 16:16:55', '2026-05-03 16:16:55');
INSERT INTO pets (id, customer_id, name, type, breed, age_years, gender, created_at, updated_at) VALUES (99, 80, 'Purwanto', 'Hamster', NULL, 10, 'Jantan', '2026-05-03 16:16:55', '2026-05-03 16:16:55');
INSERT INTO customers (id, customer_code, name, phone_number, address, created_at, updated_at) VALUES (81, 'CST-20260311-0081', 'Digdaya Dabukke', '0953 3282 2028', 'Psr. Tambun No. 423, Sorong 70768, Sumbar', '2026-02-17 16:16:55', '2026-02-17 16:16:55');
INSERT INTO pets (id, customer_id, name, type, breed, age_years, gender, created_at, updated_at) VALUES (100, 81, 'Talia', 'Hamster', NULL, 10, 'Betina', '2026-02-17 16:16:55', '2026-02-17 16:16:55');
INSERT INTO customers (id, customer_code, name, phone_number, address, created_at, updated_at) VALUES (82, 'CST-20260220-0082', 'Natalia Yolanda', '0903 4220 192', 'Kpg. Tangkuban Perahu No. 664, Sorong 17413, Sultra', '2026-05-10 16:16:55', '2026-05-10 16:16:55');
INSERT INTO pets (id, customer_id, name, type, breed, age_years, gender, created_at, updated_at) VALUES (101, 82, 'Pangestu', 'Anjing', NULL, 8, 'Betina', '2026-05-10 16:16:55', '2026-05-10 16:16:55');
INSERT INTO customers (id, customer_code, name, phone_number, address, created_at, updated_at) VALUES (83, 'CST-20260504-0083', 'Maida Clara Wastuti', '(+62) 956 3519 7891', 'Kpg. Badak No. 967, Bandung 89215, Kalteng', '2026-03-29 16:16:55', '2026-03-29 16:16:55');
INSERT INTO pets (id, customer_id, name, type, breed, age_years, gender, created_at, updated_at) VALUES (102, 83, 'Simon', 'Kucing', NULL, 9, 'Jantan', '2026-03-29 16:16:55', '2026-03-29 16:16:55');
INSERT INTO pets (id, customer_id, name, type, breed, age_years, gender, created_at, updated_at) VALUES (103, 83, 'Ina', 'Kelinci', NULL, 2, 'Betina', '2026-03-29 16:16:55', '2026-03-29 16:16:55');
INSERT INTO customers (id, customer_code, name, phone_number, address, created_at, updated_at) VALUES (84, 'CST-20260311-0084', 'Kayun Nasim Utama S.Ked', '(+62) 499 3899 717', 'Jln. B.Agam 1 No. 25, Bau-Bau 16692, Sumsel', '2026-06-16 16:16:55', '2026-06-16 16:16:55');
INSERT INTO pets (id, customer_id, name, type, breed, age_years, gender, created_at, updated_at) VALUES (104, 84, 'Agnes', 'Hamster', NULL, 2, 'Jantan', '2026-06-16 16:16:55', '2026-06-16 16:16:55');
INSERT INTO customers (id, customer_code, name, phone_number, address, created_at, updated_at) VALUES (85, 'CST-20260627-0085', 'Saiful Cakrabirawa Gunarto', '(+62) 655 9638 1467', 'Ds. Suprapto No. 370, Cirebon 96569, Riau', '2026-01-20 16:16:55', '2026-01-20 16:16:55');
INSERT INTO pets (id, customer_id, name, type, breed, age_years, gender, created_at, updated_at) VALUES (105, 85, 'Yulia', 'Burung', NULL, 6, 'Betina', '2026-01-20 16:16:55', '2026-01-20 16:16:55');
INSERT INTO customers (id, customer_code, name, phone_number, address, created_at, updated_at) VALUES (86, 'CST-20260122-0086', 'Kenes Hidayat S.Pt', '(+62) 274 5588 3598', 'Kpg. Sampangan No. 745, Pagar Alam 60806, NTB', '2026-06-17 16:16:55', '2026-06-17 16:16:55');
INSERT INTO pets (id, customer_id, name, type, breed, age_years, gender, created_at, updated_at) VALUES (106, 86, 'Puput', 'Kelinci', NULL, 4, 'Jantan', '2026-06-17 16:16:55', '2026-06-17 16:16:55');
INSERT INTO pets (id, customer_id, name, type, breed, age_years, gender, created_at, updated_at) VALUES (107, 86, 'Mila', 'Burung', NULL, 1, 'Jantan', '2026-06-17 16:16:55', '2026-06-17 16:16:55');
INSERT INTO pets (id, customer_id, name, type, breed, age_years, gender, created_at, updated_at) VALUES (108, 86, 'Zulfa', 'Kucing', NULL, 4, 'Betina', '2026-06-17 16:16:55', '2026-06-17 16:16:55');
INSERT INTO pets (id, customer_id, name, type, breed, age_years, gender, created_at, updated_at) VALUES (109, 86, 'Rachel', 'Kucing', NULL, 10, 'Betina', '2026-06-17 16:16:55', '2026-06-17 16:16:55');
INSERT INTO customers (id, customer_code, name, phone_number, address, created_at, updated_at) VALUES (87, 'CST-20260628-0087', 'Lasmanto Prasetya', '(+62) 851 2406 6593', 'Ki. Camar No. 154, Malang 87943, Sumbar', '2026-06-10 16:16:56', '2026-06-10 16:16:56');
INSERT INTO pets (id, customer_id, name, type, breed, age_years, gender, created_at, updated_at) VALUES (110, 87, 'Chandra', 'Kucing', NULL, 6, 'Betina', '2026-06-10 16:16:56', '2026-06-10 16:16:56');
INSERT INTO customers (id, customer_code, name, phone_number, address, created_at, updated_at) VALUES (88, 'CST-20260528-0088', 'Talia Nuraini', '0741 0106 1294', 'Ds. Cikutra Timur No. 435, Bima 50296, Sulut', '2026-04-04 16:16:56', '2026-04-04 16:16:56');
INSERT INTO pets (id, customer_id, name, type, breed, age_years, gender, created_at, updated_at) VALUES (111, 88, 'Ida', 'Anjing', NULL, 6, 'Betina', '2026-04-04 16:16:56', '2026-04-04 16:16:56');
INSERT INTO pets (id, customer_id, name, type, breed, age_years, gender, created_at, updated_at) VALUES (112, 88, 'Bancar', 'Hamster', NULL, 8, 'Betina', '2026-04-04 16:16:56', '2026-04-04 16:16:56');
INSERT INTO pets (id, customer_id, name, type, breed, age_years, gender, created_at, updated_at) VALUES (113, 88, 'Septi', 'Kucing', NULL, 8, 'Betina', '2026-04-04 16:16:56', '2026-04-04 16:16:56');
INSERT INTO customers (id, customer_code, name, phone_number, address, created_at, updated_at) VALUES (89, 'CST-20260131-0089', 'Yulia Lailasari', '(+62) 660 5683 758', 'Dk. Gardujati No. 896, Bukittinggi 71469, Kalsel', '2026-02-26 16:16:56', '2026-02-26 16:16:56');
INSERT INTO pets (id, customer_id, name, type, breed, age_years, gender, created_at, updated_at) VALUES (114, 89, 'Latika', 'Burung', NULL, 7, 'Jantan', '2026-02-26 16:16:56', '2026-02-26 16:16:56');
INSERT INTO customers (id, customer_code, name, phone_number, address, created_at, updated_at) VALUES (90, 'CST-20260404-0090', 'Dariati Tirta Saputra', '0460 6039 6807', 'Jr. Baing No. 309, Tangerang Selatan 54025, Bali', '2026-06-05 16:16:56', '2026-06-05 16:16:56');
INSERT INTO pets (id, customer_id, name, type, breed, age_years, gender, created_at, updated_at) VALUES (115, 90, 'Tania', 'Burung', NULL, 10, 'Jantan', '2026-06-05 16:16:56', '2026-06-05 16:16:56');
INSERT INTO customers (id, customer_code, name, phone_number, address, created_at, updated_at) VALUES (91, 'CST-20260324-0091', 'Amalia Hartati S.Psi', '(+62) 24 0502 7858', 'Jln. Baing No. 956, Pariaman 62639, Jabar', '2026-03-24 16:16:56', '2026-03-24 16:16:56');
INSERT INTO pets (id, customer_id, name, type, breed, age_years, gender, created_at, updated_at) VALUES (116, 91, 'Darmanto', 'Kucing', NULL, 10, 'Betina', '2026-03-24 16:16:56', '2026-03-24 16:16:56');
INSERT INTO customers (id, customer_code, name, phone_number, address, created_at, updated_at) VALUES (92, 'CST-20260311-0092', 'Salimah Chelsea Nasyiah M.Farm', '0458 1802 6861', 'Ds. Abdul Rahmat No. 366, Balikpapan 96931, DKI', '2026-05-16 16:16:56', '2026-05-16 16:16:56');
INSERT INTO pets (id, customer_id, name, type, breed, age_years, gender, created_at, updated_at) VALUES (117, 92, 'Siska', 'Kucing', NULL, 7, 'Jantan', '2026-05-16 16:16:56', '2026-05-16 16:16:56');
INSERT INTO customers (id, customer_code, name, phone_number, address, created_at, updated_at) VALUES (93, 'CST-20260404-0093', 'Queen Namaga', '0657 0139 348', 'Psr. Barasak No. 708, Bengkulu 11025, Sulbar', '2026-04-12 16:16:56', '2026-04-12 16:16:56');
INSERT INTO pets (id, customer_id, name, type, breed, age_years, gender, created_at, updated_at) VALUES (118, 93, 'Emong', 'Hamster', NULL, 1, 'Jantan', '2026-04-12 16:16:56', '2026-04-12 16:16:56');
INSERT INTO customers (id, customer_code, name, phone_number, address, created_at, updated_at) VALUES (94, 'CST-20260609-0094', 'Lalita Alika Usamah M.TI.', '(+62) 251 9920 326', 'Dk. Barat No. 462, Medan 26552, Babel', '2026-02-19 16:16:56', '2026-02-19 16:16:56');
INSERT INTO pets (id, customer_id, name, type, breed, age_years, gender, created_at, updated_at) VALUES (119, 94, 'Jaiman', 'Burung', NULL, 1, 'Betina', '2026-02-19 16:16:56', '2026-02-19 16:16:56');
INSERT INTO customers (id, customer_code, name, phone_number, address, created_at, updated_at) VALUES (95, 'CST-20260413-0095', 'Tari Hasanah', '(+62) 377 3024 6952', 'Jln. Setiabudhi No. 774, Tegal 79549, Malut', '2026-02-18 16:16:56', '2026-02-18 16:16:56');
INSERT INTO pets (id, customer_id, name, type, breed, age_years, gender, created_at, updated_at) VALUES (120, 95, 'Raina', 'Kucing', NULL, 5, 'Jantan', '2026-02-18 16:16:56', '2026-02-18 16:16:56');
INSERT INTO customers (id, customer_code, name, phone_number, address, created_at, updated_at) VALUES (96, 'CST-20260417-0096', 'Janet Ika Wijayanti', '0860 1197 534', 'Dk. Barat No. 920, Salatiga 19904, Bengkulu', '2026-01-11 16:16:56', '2026-01-11 16:16:56');
INSERT INTO pets (id, customer_id, name, type, breed, age_years, gender, created_at, updated_at) VALUES (121, 96, 'Juli', 'Hamster', NULL, 2, 'Jantan', '2026-01-11 16:16:56', '2026-01-11 16:16:56');
INSERT INTO customers (id, customer_code, name, phone_number, address, created_at, updated_at) VALUES (97, 'CST-20260114-0097', 'Putu Mustofa S.Pd', '0616 8554 3556', 'Gg. Lumban Tobing No. 778, Tangerang Selatan 86861, Sultra', '2026-04-03 16:16:56', '2026-04-03 16:16:56');
INSERT INTO pets (id, customer_id, name, type, breed, age_years, gender, created_at, updated_at) VALUES (122, 97, 'Warta', 'Anjing', NULL, 3, 'Jantan', '2026-04-03 16:16:56', '2026-04-03 16:16:56');
INSERT INTO customers (id, customer_code, name, phone_number, address, created_at, updated_at) VALUES (98, 'CST-20260605-0098', 'Humaira Wastuti', '(+62) 26 1227 4331', 'Ki. Halim No. 698, Administrasi Jakarta Utara 69396, Aceh', '2026-05-31 16:16:56', '2026-05-31 16:16:56');
INSERT INTO pets (id, customer_id, name, type, breed, age_years, gender, created_at, updated_at) VALUES (123, 98, 'Radika', 'Burung', NULL, 1, 'Betina', '2026-05-31 16:16:56', '2026-05-31 16:16:56');
INSERT INTO customers (id, customer_code, name, phone_number, address, created_at, updated_at) VALUES (99, 'CST-20260401-0099', 'Lembah Sihombing', '0917 5767 1415', 'Gg. S. Parman No. 968, Surabaya 38184, Kalbar', '2026-05-13 16:16:56', '2026-05-13 16:16:56');
INSERT INTO pets (id, customer_id, name, type, breed, age_years, gender, created_at, updated_at) VALUES (124, 99, 'Harimurti', 'Kelinci', NULL, 3, 'Jantan', '2026-05-13 16:16:56', '2026-05-13 16:16:56');
INSERT INTO customers (id, customer_code, name, phone_number, address, created_at, updated_at) VALUES (100, 'CST-20260531-0100', 'Jais Lazuardi', '0634 3435 547', 'Psr. Bakau No. 527, Yogyakarta 38808, Sulsel', '2026-03-14 16:16:56', '2026-03-14 16:16:56');
INSERT INTO pets (id, customer_id, name, type, breed, age_years, gender, created_at, updated_at) VALUES (125, 100, 'Ella', 'Burung', NULL, 2, 'Betina', '2026-03-14 16:16:56', '2026-03-14 16:16:56');
SELECT setval('customers_id_seq', (SELECT MAX(id) FROM customers));
SELECT setval('pets_id_seq', (SELECT MAX(id) FROM pets));

-- Insert Transactions
INSERT INTO transactions (id, transaction_code, customer_id, pet_id, service_id, total_price, payment_status, status, start_date, end_date, days, pickup_required, pickup_address, created_at, updated_at) VALUES (1, 'TRX-20260430-0001', 84, 104, 4, 120000, 'refunded', 'cancelled', '2026-04-30', NULL, 1, false, NULL, '2026-04-30 16:16:56', '2026-04-30 16:16:56');
INSERT INTO transactions (id, transaction_code, customer_id, pet_id, service_id, total_price, payment_status, status, start_date, end_date, days, pickup_required, pickup_address, created_at, updated_at) VALUES (2, 'TRX-20260123-0002', 43, 54, 6, 300000, 'unpaid', 'cancelled', '2026-01-23', '2026-01-27', 4, false, NULL, '2026-01-23 16:16:56', '2026-01-23 16:16:56');
INSERT INTO transactions (id, transaction_code, customer_id, pet_id, service_id, total_price, payment_status, status, start_date, end_date, days, pickup_required, pickup_address, created_at, updated_at) VALUES (3, 'TRX-20260307-0003', 29, 35, 3, 75000, 'refunded', 'cancelled', '2026-03-07', NULL, 1, false, NULL, '2026-03-07 16:16:56', '2026-03-07 16:16:56');
INSERT INTO transactions (id, transaction_code, customer_id, pet_id, service_id, total_price, payment_status, status, start_date, end_date, days, pickup_required, pickup_address, created_at, updated_at) VALUES (4, 'TRX-20260709-0004', 25, 29, 1, 50000, 'refunded', 'cancelled', '2026-07-09', NULL, 1, true, 'Kpg. Sukabumi No. 132, Cirebon 36281, Aceh', '2026-07-09 16:16:56', '2026-07-09 16:16:56');
INSERT INTO transactions (id, transaction_code, customer_id, pet_id, service_id, total_price, payment_status, status, start_date, end_date, days, pickup_required, pickup_address, created_at, updated_at) VALUES (5, 'TRX-20260228-0005', 81, 100, 2, 85000, 'refunded', 'cancelled', '2026-02-28', NULL, 1, false, NULL, '2026-02-28 16:16:56', '2026-02-28 16:16:56');
INSERT INTO transactions (id, transaction_code, customer_id, pet_id, service_id, total_price, payment_status, status, start_date, end_date, days, pickup_required, pickup_address, created_at, updated_at) VALUES (6, 'TRX-20260109-0006', 2, 2, 5, 210000, 'refunded', 'cancelled', '2026-01-09', '2026-01-15', 6, false, NULL, '2026-01-09 16:16:56', '2026-01-09 16:16:56');
INSERT INTO transactions (id, transaction_code, customer_id, pet_id, service_id, total_price, payment_status, status, start_date, end_date, days, pickup_required, pickup_address, created_at, updated_at) VALUES (7, 'TRX-20260701-0007', 51, 63, 4, 120000, 'unpaid', 'pending', '2026-07-01', NULL, 1, true, 'Ds. Dahlia No. 227, Padang 72083, Kepri', '2026-07-01 16:16:56', '2026-07-01 16:16:56');
INSERT INTO transactions (id, transaction_code, customer_id, pet_id, service_id, total_price, payment_status, status, start_date, end_date, days, pickup_required, pickup_address, created_at, updated_at) VALUES (8, 'TRX-20260701-0008', 84, 104, 2, 85000, 'paid', 'ongoing', '2026-07-01', NULL, 1, true, 'Gg. Baja No. 618, Malang 64933, Pabar', '2026-07-01 16:16:56', '2026-07-01 16:16:56');
INSERT INTO transactions (id, transaction_code, customer_id, pet_id, service_id, total_price, payment_status, status, start_date, end_date, days, pickup_required, pickup_address, created_at, updated_at) VALUES (9, 'TRX-20260121-0009', 61, 73, 4, 120000, 'paid', 'completed', '2026-01-21', NULL, 1, true, 'Psr. Ujung No. 912, Palopo 79257, Aceh', '2026-01-21 16:16:56', '2026-01-21 16:16:56');
INSERT INTO transactions (id, transaction_code, customer_id, pet_id, service_id, total_price, payment_status, status, start_date, end_date, days, pickup_required, pickup_address, created_at, updated_at) VALUES (10, 'TRX-20260414-0010', 76, 95, 2, 85000, 'unpaid', 'pending', '2026-04-14', NULL, 1, false, NULL, '2026-04-14 16:16:56', '2026-04-14 16:16:56');
INSERT INTO transactions (id, transaction_code, customer_id, pet_id, service_id, total_price, payment_status, status, start_date, end_date, days, pickup_required, pickup_address, created_at, updated_at) VALUES (11, 'TRX-20260217-0011', 75, 94, 2, 85000, 'paid', 'confirmed', '2026-02-17', NULL, 1, false, NULL, '2026-02-17 16:16:56', '2026-02-17 16:16:56');
INSERT INTO transactions (id, transaction_code, customer_id, pet_id, service_id, total_price, payment_status, status, start_date, end_date, days, pickup_required, pickup_address, created_at, updated_at) VALUES (12, 'TRX-20260613-0012', 28, 32, 5, 70000, 'unpaid', 'pending', '2026-06-13', '2026-06-15', 2, false, NULL, '2026-06-13 16:16:56', '2026-06-13 16:16:56');
INSERT INTO transactions (id, transaction_code, customer_id, pet_id, service_id, total_price, payment_status, status, start_date, end_date, days, pickup_required, pickup_address, created_at, updated_at) VALUES (13, 'TRX-20260608-0013', 17, 18, 1, 50000, 'paid', 'ongoing', '2026-06-08', NULL, 1, false, NULL, '2026-06-08 16:16:56', '2026-06-08 16:16:56');
INSERT INTO transactions (id, transaction_code, customer_id, pet_id, service_id, total_price, payment_status, status, start_date, end_date, days, pickup_required, pickup_address, created_at, updated_at) VALUES (14, 'TRX-20260401-0014', 88, 113, 5, 140000, 'paid', 'ongoing', '2026-04-01', '2026-04-05', 4, true, 'Gg. Ujung No. 393, Gorontalo 47144, Bali', '2026-04-01 16:16:56', '2026-04-01 16:16:56');
INSERT INTO transactions (id, transaction_code, customer_id, pet_id, service_id, total_price, payment_status, status, start_date, end_date, days, pickup_required, pickup_address, created_at, updated_at) VALUES (15, 'TRX-20260118-0015', 25, 29, 2, 85000, 'paid', 'confirmed', '2026-01-18', NULL, 1, true, 'Dk. Cihampelas No. 994, Ternate 85329, Bengkulu', '2026-01-18 16:16:56', '2026-01-18 16:16:56');
INSERT INTO transactions (id, transaction_code, customer_id, pet_id, service_id, total_price, payment_status, status, start_date, end_date, days, pickup_required, pickup_address, created_at, updated_at) VALUES (16, 'TRX-20260320-0016', 61, 73, 6, 525000, 'paid', 'confirmed', '2026-03-20', '2026-03-27', 7, false, NULL, '2026-03-20 16:16:56', '2026-03-20 16:16:56');
INSERT INTO transactions (id, transaction_code, customer_id, pet_id, service_id, total_price, payment_status, status, start_date, end_date, days, pickup_required, pickup_address, created_at, updated_at) VALUES (17, 'TRX-20260217-0017', 25, 29, 5, 70000, 'unpaid', 'cancelled', '2026-02-17', '2026-02-19', 2, false, NULL, '2026-02-17 16:16:56', '2026-02-17 16:16:56');
INSERT INTO transactions (id, transaction_code, customer_id, pet_id, service_id, total_price, payment_status, status, start_date, end_date, days, pickup_required, pickup_address, created_at, updated_at) VALUES (18, 'TRX-20260217-0018', 42, 53, 2, 85000, 'paid', 'completed', '2026-02-17', NULL, 1, false, NULL, '2026-02-17 16:16:56', '2026-02-17 16:16:56');
INSERT INTO transactions (id, transaction_code, customer_id, pet_id, service_id, total_price, payment_status, status, start_date, end_date, days, pickup_required, pickup_address, created_at, updated_at) VALUES (19, 'TRX-20260522-0019', 100, 125, 4, 120000, 'paid', 'completed', '2026-05-22', NULL, 1, false, NULL, '2026-05-22 16:16:56', '2026-05-22 16:16:56');
INSERT INTO transactions (id, transaction_code, customer_id, pet_id, service_id, total_price, payment_status, status, start_date, end_date, days, pickup_required, pickup_address, created_at, updated_at) VALUES (20, 'TRX-20260206-0020', 42, 53, 6, 375000, 'paid', 'confirmed', '2026-02-06', '2026-02-11', 5, false, NULL, '2026-02-06 16:16:56', '2026-02-06 16:16:56');
INSERT INTO transactions (id, transaction_code, customer_id, pet_id, service_id, total_price, payment_status, status, start_date, end_date, days, pickup_required, pickup_address, created_at, updated_at) VALUES (21, 'TRX-20260511-0021', 49, 61, 2, 85000, 'paid', 'confirmed', '2026-05-11', NULL, 1, false, NULL, '2026-05-11 16:16:56', '2026-05-11 16:16:56');
INSERT INTO transactions (id, transaction_code, customer_id, pet_id, service_id, total_price, payment_status, status, start_date, end_date, days, pickup_required, pickup_address, created_at, updated_at) VALUES (22, 'TRX-20260201-0022', 70, 84, 2, 85000, 'paid', 'ongoing', '2026-02-01', NULL, 1, true, 'Kpg. Hasanuddin No. 499, Samarinda 12771, Riau', '2026-02-01 16:16:56', '2026-02-01 16:16:56');
INSERT INTO transactions (id, transaction_code, customer_id, pet_id, service_id, total_price, payment_status, status, start_date, end_date, days, pickup_required, pickup_address, created_at, updated_at) VALUES (23, 'TRX-20260510-0023', 65, 77, 1, 50000, 'paid', 'ongoing', '2026-05-10', NULL, 1, false, NULL, '2026-05-10 16:16:56', '2026-05-10 16:16:56');
INSERT INTO transactions (id, transaction_code, customer_id, pet_id, service_id, total_price, payment_status, status, start_date, end_date, days, pickup_required, pickup_address, created_at, updated_at) VALUES (24, 'TRX-20260203-0024', 16, 16, 5, 35000, 'paid', 'confirmed', '2026-02-03', '2026-02-04', 1, false, NULL, '2026-02-03 16:16:56', '2026-02-03 16:16:56');
INSERT INTO transactions (id, transaction_code, customer_id, pet_id, service_id, total_price, payment_status, status, start_date, end_date, days, pickup_required, pickup_address, created_at, updated_at) VALUES (25, 'TRX-20260702-0025', 92, 117, 2, 85000, 'paid', 'confirmed', '2026-07-02', NULL, 1, true, 'Dk. Ciumbuleuit No. 45, Madiun 22624, Jambi', '2026-07-02 16:16:56', '2026-07-02 16:16:56');
INSERT INTO transactions (id, transaction_code, customer_id, pet_id, service_id, total_price, payment_status, status, start_date, end_date, days, pickup_required, pickup_address, created_at, updated_at) VALUES (26, 'TRX-20260616-0026', 6, 6, 6, 75000, 'unpaid', 'cancelled', '2026-06-16', '2026-06-17', 1, false, NULL, '2026-06-16 16:16:56', '2026-06-16 16:16:56');
INSERT INTO transactions (id, transaction_code, customer_id, pet_id, service_id, total_price, payment_status, status, start_date, end_date, days, pickup_required, pickup_address, created_at, updated_at) VALUES (27, 'TRX-20260225-0027', 35, 41, 6, 300000, 'paid', 'confirmed', '2026-02-25', '2026-03-01', 4, false, NULL, '2026-02-25 16:16:56', '2026-02-25 16:16:56');
INSERT INTO transactions (id, transaction_code, customer_id, pet_id, service_id, total_price, payment_status, status, start_date, end_date, days, pickup_required, pickup_address, created_at, updated_at) VALUES (28, 'TRX-20260311-0028', 78, 97, 7, 25000, 'paid', 'ongoing', '2026-03-11', NULL, 1, false, NULL, '2026-03-11 16:16:56', '2026-03-11 16:16:56');
INSERT INTO transactions (id, transaction_code, customer_id, pet_id, service_id, total_price, payment_status, status, start_date, end_date, days, pickup_required, pickup_address, created_at, updated_at) VALUES (29, 'TRX-20260610-0029', 33, 39, 4, 120000, 'refunded', 'cancelled', '2026-06-10', NULL, 1, false, NULL, '2026-06-10 16:16:56', '2026-06-10 16:16:56');
INSERT INTO transactions (id, transaction_code, customer_id, pet_id, service_id, total_price, payment_status, status, start_date, end_date, days, pickup_required, pickup_address, created_at, updated_at) VALUES (30, 'TRX-20260526-0030', 12, 12, 1, 50000, 'unpaid', 'cancelled', '2026-05-26', NULL, 1, false, NULL, '2026-05-26 16:16:56', '2026-05-26 16:16:56');
INSERT INTO transactions (id, transaction_code, customer_id, pet_id, service_id, total_price, payment_status, status, start_date, end_date, days, pickup_required, pickup_address, created_at, updated_at) VALUES (31, 'TRX-20260518-0031', 5, 5, 7, 25000, 'unpaid', 'pending', '2026-05-18', NULL, 1, false, NULL, '2026-05-18 16:16:56', '2026-05-18 16:16:56');
INSERT INTO transactions (id, transaction_code, customer_id, pet_id, service_id, total_price, payment_status, status, start_date, end_date, days, pickup_required, pickup_address, created_at, updated_at) VALUES (32, 'TRX-20260329-0032', 26, 30, 6, 525000, 'paid', 'ongoing', '2026-03-29', '2026-04-05', 7, false, NULL, '2026-03-29 16:16:56', '2026-03-29 16:16:56');
INSERT INTO transactions (id, transaction_code, customer_id, pet_id, service_id, total_price, payment_status, status, start_date, end_date, days, pickup_required, pickup_address, created_at, updated_at) VALUES (33, 'TRX-20260321-0033', 16, 16, 6, 150000, 'unpaid', 'cancelled', '2026-03-21', '2026-03-23', 2, true, 'Kpg. Tambun No. 927, Pontianak 66160, Sulut', '2026-03-21 16:16:56', '2026-03-21 16:16:56');
INSERT INTO transactions (id, transaction_code, customer_id, pet_id, service_id, total_price, payment_status, status, start_date, end_date, days, pickup_required, pickup_address, created_at, updated_at) VALUES (34, 'TRX-20260425-0034', 46, 58, 7, 25000, 'paid', 'confirmed', '2026-04-25', NULL, 1, true, 'Jr. Ters. Pasir Koja No. 775, Gunungsitoli 68580, DIY', '2026-04-25 16:16:56', '2026-04-25 16:16:56');
INSERT INTO transactions (id, transaction_code, customer_id, pet_id, service_id, total_price, payment_status, status, start_date, end_date, days, pickup_required, pickup_address, created_at, updated_at) VALUES (35, 'TRX-20260429-0035', 26, 30, 7, 25000, 'paid', 'ongoing', '2026-04-29', NULL, 1, false, NULL, '2026-04-29 16:16:56', '2026-04-29 16:16:56');
INSERT INTO transactions (id, transaction_code, customer_id, pet_id, service_id, total_price, payment_status, status, start_date, end_date, days, pickup_required, pickup_address, created_at, updated_at) VALUES (36, 'TRX-20260105-0036', 51, 63, 5, 140000, 'paid', 'completed', '2026-01-05', '2026-01-09', 4, false, NULL, '2026-01-05 16:16:56', '2026-01-05 16:16:56');
INSERT INTO transactions (id, transaction_code, customer_id, pet_id, service_id, total_price, payment_status, status, start_date, end_date, days, pickup_required, pickup_address, created_at, updated_at) VALUES (37, 'TRX-20260318-0037', 36, 42, 1, 50000, 'paid', 'ongoing', '2026-03-18', NULL, 1, true, 'Ds. Baing No. 706, Jayapura 35461, Gorontalo', '2026-03-18 16:16:56', '2026-03-18 16:16:56');
INSERT INTO transactions (id, transaction_code, customer_id, pet_id, service_id, total_price, payment_status, status, start_date, end_date, days, pickup_required, pickup_address, created_at, updated_at) VALUES (38, 'TRX-20260323-0038', 73, 91, 4, 120000, 'paid', 'completed', '2026-03-23', NULL, 1, false, NULL, '2026-03-23 16:16:56', '2026-03-23 16:16:56');
INSERT INTO transactions (id, transaction_code, customer_id, pet_id, service_id, total_price, payment_status, status, start_date, end_date, days, pickup_required, pickup_address, created_at, updated_at) VALUES (39, 'TRX-20260507-0039', 56, 68, 7, 25000, 'refunded', 'cancelled', '2026-05-07', NULL, 1, false, NULL, '2026-05-07 16:16:56', '2026-05-07 16:16:56');
INSERT INTO transactions (id, transaction_code, customer_id, pet_id, service_id, total_price, payment_status, status, start_date, end_date, days, pickup_required, pickup_address, created_at, updated_at) VALUES (40, 'TRX-20260127-0040', 61, 73, 3, 75000, 'paid', 'completed', '2026-01-27', NULL, 1, false, NULL, '2026-01-27 16:16:56', '2026-01-27 16:16:56');
INSERT INTO transactions (id, transaction_code, customer_id, pet_id, service_id, total_price, payment_status, status, start_date, end_date, days, pickup_required, pickup_address, created_at, updated_at) VALUES (41, 'TRX-20260505-0041', 87, 110, 5, 140000, 'paid', 'ongoing', '2026-05-05', '2026-05-09', 4, false, NULL, '2026-05-05 16:16:56', '2026-05-05 16:16:56');
INSERT INTO transactions (id, transaction_code, customer_id, pet_id, service_id, total_price, payment_status, status, start_date, end_date, days, pickup_required, pickup_address, created_at, updated_at) VALUES (42, 'TRX-20260326-0042', 6, 6, 6, 450000, 'unpaid', 'cancelled', '2026-03-26', '2026-04-01', 6, false, NULL, '2026-03-26 16:16:56', '2026-03-26 16:16:56');
INSERT INTO transactions (id, transaction_code, customer_id, pet_id, service_id, total_price, payment_status, status, start_date, end_date, days, pickup_required, pickup_address, created_at, updated_at) VALUES (43, 'TRX-20260615-0043', 62, 74, 5, 245000, 'paid', 'completed', '2026-06-15', '2026-06-22', 7, false, NULL, '2026-06-15 16:16:56', '2026-06-15 16:16:56');
INSERT INTO transactions (id, transaction_code, customer_id, pet_id, service_id, total_price, payment_status, status, start_date, end_date, days, pickup_required, pickup_address, created_at, updated_at) VALUES (44, 'TRX-20260617-0044', 90, 115, 4, 120000, 'paid', 'completed', '2026-06-17', NULL, 1, false, NULL, '2026-06-17 16:16:56', '2026-06-17 16:16:56');
INSERT INTO transactions (id, transaction_code, customer_id, pet_id, service_id, total_price, payment_status, status, start_date, end_date, days, pickup_required, pickup_address, created_at, updated_at) VALUES (45, 'TRX-20260219-0045', 74, 92, 3, 75000, 'paid', 'confirmed', '2026-02-19', NULL, 1, true, 'Jln. Baranang Siang No. 257, Kotamobagu 22404, Maluku', '2026-02-19 16:16:56', '2026-02-19 16:16:56');
INSERT INTO transactions (id, transaction_code, customer_id, pet_id, service_id, total_price, payment_status, status, start_date, end_date, days, pickup_required, pickup_address, created_at, updated_at) VALUES (46, 'TRX-20260202-0046', 75, 94, 6, 150000, 'unpaid', 'pending', '2026-02-02', '2026-02-04', 2, false, NULL, '2026-02-02 16:16:56', '2026-02-02 16:16:56');
INSERT INTO transactions (id, transaction_code, customer_id, pet_id, service_id, total_price, payment_status, status, start_date, end_date, days, pickup_required, pickup_address, created_at, updated_at) VALUES (47, 'TRX-20260510-0047', 77, 96, 7, 25000, 'paid', 'completed', '2026-05-10', NULL, 1, false, NULL, '2026-05-10 16:16:56', '2026-05-10 16:16:56');
INSERT INTO transactions (id, transaction_code, customer_id, pet_id, service_id, total_price, payment_status, status, start_date, end_date, days, pickup_required, pickup_address, created_at, updated_at) VALUES (48, 'TRX-20260531-0048', 13, 13, 7, 25000, 'paid', 'completed', '2026-05-31', NULL, 1, false, NULL, '2026-05-31 16:16:56', '2026-05-31 16:16:56');
INSERT INTO transactions (id, transaction_code, customer_id, pet_id, service_id, total_price, payment_status, status, start_date, end_date, days, pickup_required, pickup_address, created_at, updated_at) VALUES (49, 'TRX-20260211-0049', 79, 98, 7, 25000, 'paid', 'confirmed', '2026-02-11', NULL, 1, false, NULL, '2026-02-11 16:16:56', '2026-02-11 16:16:56');
INSERT INTO transactions (id, transaction_code, customer_id, pet_id, service_id, total_price, payment_status, status, start_date, end_date, days, pickup_required, pickup_address, created_at, updated_at) VALUES (50, 'TRX-20260113-0050', 32, 38, 1, 50000, 'unpaid', 'pending', '2026-01-13', NULL, 1, true, 'Gg. R.E. Martadinata No. 343, Malang 25757, Jambi', '2026-01-13 16:16:56', '2026-01-13 16:16:56');
INSERT INTO transactions (id, transaction_code, customer_id, pet_id, service_id, total_price, payment_status, status, start_date, end_date, days, pickup_required, pickup_address, created_at, updated_at) VALUES (51, 'TRX-20260106-0051', 78, 97, 4, 120000, 'paid', 'completed', '2026-01-06', NULL, 1, false, NULL, '2026-01-06 16:16:56', '2026-01-06 16:16:56');
INSERT INTO transactions (id, transaction_code, customer_id, pet_id, service_id, total_price, payment_status, status, start_date, end_date, days, pickup_required, pickup_address, created_at, updated_at) VALUES (52, 'TRX-20260226-0052', 46, 58, 6, 300000, 'paid', 'confirmed', '2026-02-26', '2026-03-02', 4, false, NULL, '2026-02-26 16:16:56', '2026-02-26 16:16:56');
INSERT INTO transactions (id, transaction_code, customer_id, pet_id, service_id, total_price, payment_status, status, start_date, end_date, days, pickup_required, pickup_address, created_at, updated_at) VALUES (53, 'TRX-20260223-0053', 99, 124, 4, 120000, 'paid', 'ongoing', '2026-02-23', NULL, 1, false, NULL, '2026-02-23 16:16:56', '2026-02-23 16:16:56');
INSERT INTO transactions (id, transaction_code, customer_id, pet_id, service_id, total_price, payment_status, status, start_date, end_date, days, pickup_required, pickup_address, created_at, updated_at) VALUES (54, 'TRX-20260331-0054', 4, 4, 7, 25000, 'unpaid', 'pending', '2026-03-31', NULL, 1, true, 'Jln. Ters. Jakarta No. 419, Pangkal Pinang 77952, Banten', '2026-03-31 16:16:56', '2026-03-31 16:16:56');
INSERT INTO transactions (id, transaction_code, customer_id, pet_id, service_id, total_price, payment_status, status, start_date, end_date, days, pickup_required, pickup_address, created_at, updated_at) VALUES (55, 'TRX-20260307-0055', 55, 67, 7, 25000, 'unpaid', 'pending', '2026-03-07', NULL, 1, false, NULL, '2026-03-07 16:16:56', '2026-03-07 16:16:56');
INSERT INTO transactions (id, transaction_code, customer_id, pet_id, service_id, total_price, payment_status, status, start_date, end_date, days, pickup_required, pickup_address, created_at, updated_at) VALUES (56, 'TRX-20260615-0056', 53, 65, 4, 120000, 'paid', 'confirmed', '2026-06-15', NULL, 1, false, NULL, '2026-06-15 16:16:56', '2026-06-15 16:16:56');
INSERT INTO transactions (id, transaction_code, customer_id, pet_id, service_id, total_price, payment_status, status, start_date, end_date, days, pickup_required, pickup_address, created_at, updated_at) VALUES (57, 'TRX-20260528-0057', 22, 23, 7, 25000, 'paid', 'completed', '2026-05-28', NULL, 1, false, NULL, '2026-05-28 16:16:56', '2026-05-28 16:16:56');
INSERT INTO transactions (id, transaction_code, customer_id, pet_id, service_id, total_price, payment_status, status, start_date, end_date, days, pickup_required, pickup_address, created_at, updated_at) VALUES (58, 'TRX-20260112-0058', 36, 42, 4, 120000, 'paid', 'ongoing', '2026-01-12', NULL, 1, false, NULL, '2026-01-12 16:16:56', '2026-01-12 16:16:56');
INSERT INTO transactions (id, transaction_code, customer_id, pet_id, service_id, total_price, payment_status, status, start_date, end_date, days, pickup_required, pickup_address, created_at, updated_at) VALUES (59, 'TRX-20260329-0059', 47, 59, 6, 375000, 'unpaid', 'pending', '2026-03-29', '2026-04-03', 5, false, NULL, '2026-03-29 16:16:56', '2026-03-29 16:16:56');
INSERT INTO transactions (id, transaction_code, customer_id, pet_id, service_id, total_price, payment_status, status, start_date, end_date, days, pickup_required, pickup_address, created_at, updated_at) VALUES (60, 'TRX-20260129-0060', 93, 118, 1, 50000, 'paid', 'ongoing', '2026-01-29', NULL, 1, false, NULL, '2026-01-29 16:16:56', '2026-01-29 16:16:56');
INSERT INTO transactions (id, transaction_code, customer_id, pet_id, service_id, total_price, payment_status, status, start_date, end_date, days, pickup_required, pickup_address, created_at, updated_at) VALUES (61, 'TRX-20260223-0061', 84, 104, 4, 120000, 'paid', 'ongoing', '2026-02-23', NULL, 1, false, NULL, '2026-02-23 16:16:56', '2026-02-23 16:16:56');
INSERT INTO transactions (id, transaction_code, customer_id, pet_id, service_id, total_price, payment_status, status, start_date, end_date, days, pickup_required, pickup_address, created_at, updated_at) VALUES (62, 'TRX-20260419-0062', 25, 29, 6, 375000, 'unpaid', 'cancelled', '2026-04-19', '2026-04-24', 5, true, 'Gg. Sudiarto No. 326, Bogor 42956, DIY', '2026-04-19 16:16:56', '2026-04-19 16:16:56');
INSERT INTO transactions (id, transaction_code, customer_id, pet_id, service_id, total_price, payment_status, status, start_date, end_date, days, pickup_required, pickup_address, created_at, updated_at) VALUES (63, 'TRX-20260126-0063', 21, 22, 7, 25000, 'unpaid', 'pending', '2026-01-26', NULL, 1, false, NULL, '2026-01-26 16:16:56', '2026-01-26 16:16:56');
INSERT INTO transactions (id, transaction_code, customer_id, pet_id, service_id, total_price, payment_status, status, start_date, end_date, days, pickup_required, pickup_address, created_at, updated_at) VALUES (64, 'TRX-20260127-0064', 31, 37, 2, 85000, 'unpaid', 'pending', '2026-01-27', NULL, 1, false, NULL, '2026-01-27 16:16:56', '2026-01-27 16:16:56');
INSERT INTO transactions (id, transaction_code, customer_id, pet_id, service_id, total_price, payment_status, status, start_date, end_date, days, pickup_required, pickup_address, created_at, updated_at) VALUES (65, 'TRX-20260208-0065', 83, 103, 1, 50000, 'paid', 'confirmed', '2026-02-08', NULL, 1, false, NULL, '2026-02-08 16:16:56', '2026-02-08 16:16:56');
INSERT INTO transactions (id, transaction_code, customer_id, pet_id, service_id, total_price, payment_status, status, start_date, end_date, days, pickup_required, pickup_address, created_at, updated_at) VALUES (66, 'TRX-20260510-0066', 59, 71, 6, 375000, 'paid', 'completed', '2026-05-10', '2026-05-15', 5, true, 'Psr. Basmol Raya No. 765, Administrasi Jakarta Utara 77874, Kaltara', '2026-05-10 16:16:56', '2026-05-10 16:16:56');
INSERT INTO transactions (id, transaction_code, customer_id, pet_id, service_id, total_price, payment_status, status, start_date, end_date, days, pickup_required, pickup_address, created_at, updated_at) VALUES (67, 'TRX-20260211-0067', 18, 19, 7, 25000, 'paid', 'ongoing', '2026-02-11', NULL, 1, false, NULL, '2026-02-11 16:16:56', '2026-02-11 16:16:56');
INSERT INTO transactions (id, transaction_code, customer_id, pet_id, service_id, total_price, payment_status, status, start_date, end_date, days, pickup_required, pickup_address, created_at, updated_at) VALUES (68, 'TRX-20260307-0068', 76, 95, 5, 210000, 'unpaid', 'pending', '2026-03-07', '2026-03-13', 6, false, NULL, '2026-03-07 16:16:56', '2026-03-07 16:16:56');
INSERT INTO transactions (id, transaction_code, customer_id, pet_id, service_id, total_price, payment_status, status, start_date, end_date, days, pickup_required, pickup_address, created_at, updated_at) VALUES (69, 'TRX-20260317-0069', 94, 119, 5, 245000, 'refunded', 'cancelled', '2026-03-17', '2026-03-24', 7, false, NULL, '2026-03-17 16:16:56', '2026-03-17 16:16:56');
INSERT INTO transactions (id, transaction_code, customer_id, pet_id, service_id, total_price, payment_status, status, start_date, end_date, days, pickup_required, pickup_address, created_at, updated_at) VALUES (70, 'TRX-20260316-0070', 48, 60, 7, 25000, 'paid', 'confirmed', '2026-03-16', NULL, 1, true, 'Ds. Bak Air No. 997, Pasuruan 74621, Jabar', '2026-03-16 16:16:56', '2026-03-16 16:16:56');
INSERT INTO transactions (id, transaction_code, customer_id, pet_id, service_id, total_price, payment_status, status, start_date, end_date, days, pickup_required, pickup_address, created_at, updated_at) VALUES (71, 'TRX-20260309-0071', 2, 2, 2, 85000, 'unpaid', 'cancelled', '2026-03-09', NULL, 1, false, NULL, '2026-03-09 16:16:56', '2026-03-09 16:16:56');
INSERT INTO transactions (id, transaction_code, customer_id, pet_id, service_id, total_price, payment_status, status, start_date, end_date, days, pickup_required, pickup_address, created_at, updated_at) VALUES (72, 'TRX-20260428-0072', 75, 94, 4, 120000, 'paid', 'ongoing', '2026-04-28', NULL, 1, false, NULL, '2026-04-28 16:16:56', '2026-04-28 16:16:56');
INSERT INTO transactions (id, transaction_code, customer_id, pet_id, service_id, total_price, payment_status, status, start_date, end_date, days, pickup_required, pickup_address, created_at, updated_at) VALUES (73, 'TRX-20260303-0073', 59, 71, 6, 525000, 'unpaid', 'cancelled', '2026-03-03', '2026-03-10', 7, false, NULL, '2026-03-03 16:16:56', '2026-03-03 16:16:56');
INSERT INTO transactions (id, transaction_code, customer_id, pet_id, service_id, total_price, payment_status, status, start_date, end_date, days, pickup_required, pickup_address, created_at, updated_at) VALUES (74, 'TRX-20260131-0074', 21, 22, 1, 50000, 'paid', 'confirmed', '2026-01-31', NULL, 1, true, 'Ki. Jend. Sudirman No. 888, Langsa 73497, Kalteng', '2026-01-31 16:16:56', '2026-01-31 16:16:56');
INSERT INTO transactions (id, transaction_code, customer_id, pet_id, service_id, total_price, payment_status, status, start_date, end_date, days, pickup_required, pickup_address, created_at, updated_at) VALUES (75, 'TRX-20260327-0075', 99, 124, 2, 85000, 'refunded', 'cancelled', '2026-03-27', NULL, 1, true, 'Ds. Juanda No. 374, Kendari 33418, Sumbar', '2026-03-27 16:16:56', '2026-03-27 16:16:56');
INSERT INTO transactions (id, transaction_code, customer_id, pet_id, service_id, total_price, payment_status, status, start_date, end_date, days, pickup_required, pickup_address, created_at, updated_at) VALUES (76, 'TRX-20260630-0076', 79, 98, 7, 25000, 'unpaid', 'pending', '2026-06-30', NULL, 1, false, NULL, '2026-06-30 16:16:56', '2026-06-30 16:16:56');
INSERT INTO transactions (id, transaction_code, customer_id, pet_id, service_id, total_price, payment_status, status, start_date, end_date, days, pickup_required, pickup_address, created_at, updated_at) VALUES (77, 'TRX-20260609-0077', 20, 21, 7, 25000, 'unpaid', 'pending', '2026-06-09', NULL, 1, false, NULL, '2026-06-09 16:16:56', '2026-06-09 16:16:56');
INSERT INTO transactions (id, transaction_code, customer_id, pet_id, service_id, total_price, payment_status, status, start_date, end_date, days, pickup_required, pickup_address, created_at, updated_at) VALUES (78, 'TRX-20260506-0078', 23, 27, 7, 25000, 'paid', 'completed', '2026-05-06', NULL, 1, false, NULL, '2026-05-06 16:16:56', '2026-05-06 16:16:56');
INSERT INTO transactions (id, transaction_code, customer_id, pet_id, service_id, total_price, payment_status, status, start_date, end_date, days, pickup_required, pickup_address, created_at, updated_at) VALUES (79, 'TRX-20260306-0079', 89, 114, 5, 175000, 'unpaid', 'pending', '2026-03-06', '2026-03-11', 5, false, NULL, '2026-03-06 16:16:56', '2026-03-06 16:16:56');
INSERT INTO transactions (id, transaction_code, customer_id, pet_id, service_id, total_price, payment_status, status, start_date, end_date, days, pickup_required, pickup_address, created_at, updated_at) VALUES (80, 'TRX-20260503-0080', 18, 19, 4, 120000, 'unpaid', 'pending', '2026-05-03', NULL, 1, false, NULL, '2026-05-03 16:16:56', '2026-05-03 16:16:56');
INSERT INTO transactions (id, transaction_code, customer_id, pet_id, service_id, total_price, payment_status, status, start_date, end_date, days, pickup_required, pickup_address, created_at, updated_at) VALUES (81, 'TRX-20260109-0081', 14, 14, 5, 70000, 'paid', 'ongoing', '2026-01-09', '2026-01-11', 2, false, NULL, '2026-01-09 16:16:56', '2026-01-09 16:16:56');
INSERT INTO transactions (id, transaction_code, customer_id, pet_id, service_id, total_price, payment_status, status, start_date, end_date, days, pickup_required, pickup_address, created_at, updated_at) VALUES (82, 'TRX-20260625-0082', 10, 10, 3, 75000, 'paid', 'completed', '2026-06-25', NULL, 1, false, NULL, '2026-06-25 16:16:56', '2026-06-25 16:16:56');
INSERT INTO transactions (id, transaction_code, customer_id, pet_id, service_id, total_price, payment_status, status, start_date, end_date, days, pickup_required, pickup_address, created_at, updated_at) VALUES (83, 'TRX-20260526-0083', 70, 84, 6, 300000, 'refunded', 'cancelled', '2026-05-26', '2026-05-30', 4, false, NULL, '2026-05-26 16:16:56', '2026-05-26 16:16:56');
INSERT INTO transactions (id, transaction_code, customer_id, pet_id, service_id, total_price, payment_status, status, start_date, end_date, days, pickup_required, pickup_address, created_at, updated_at) VALUES (84, 'TRX-20260226-0084', 88, 113, 6, 150000, 'paid', 'ongoing', '2026-02-26', '2026-02-28', 2, false, NULL, '2026-02-26 16:16:56', '2026-02-26 16:16:56');
INSERT INTO transactions (id, transaction_code, customer_id, pet_id, service_id, total_price, payment_status, status, start_date, end_date, days, pickup_required, pickup_address, created_at, updated_at) VALUES (85, 'TRX-20260325-0085', 79, 98, 3, 75000, 'unpaid', 'pending', '2026-03-25', NULL, 1, false, NULL, '2026-03-25 16:16:56', '2026-03-25 16:16:56');
INSERT INTO transactions (id, transaction_code, customer_id, pet_id, service_id, total_price, payment_status, status, start_date, end_date, days, pickup_required, pickup_address, created_at, updated_at) VALUES (86, 'TRX-20260421-0086', 21, 22, 2, 85000, 'paid', 'ongoing', '2026-04-21', NULL, 1, false, NULL, '2026-04-21 16:16:56', '2026-04-21 16:16:56');
INSERT INTO transactions (id, transaction_code, customer_id, pet_id, service_id, total_price, payment_status, status, start_date, end_date, days, pickup_required, pickup_address, created_at, updated_at) VALUES (87, 'TRX-20260116-0087', 12, 12, 4, 120000, 'paid', 'ongoing', '2026-01-16', NULL, 1, false, NULL, '2026-01-16 16:16:56', '2026-01-16 16:16:56');
INSERT INTO transactions (id, transaction_code, customer_id, pet_id, service_id, total_price, payment_status, status, start_date, end_date, days, pickup_required, pickup_address, created_at, updated_at) VALUES (88, 'TRX-20260319-0088', 30, 36, 1, 50000, 'unpaid', 'pending', '2026-03-19', NULL, 1, false, NULL, '2026-03-19 16:16:56', '2026-03-19 16:16:56');
INSERT INTO transactions (id, transaction_code, customer_id, pet_id, service_id, total_price, payment_status, status, start_date, end_date, days, pickup_required, pickup_address, created_at, updated_at) VALUES (89, 'TRX-20260207-0089', 72, 90, 1, 50000, 'unpaid', 'cancelled', '2026-02-07', NULL, 1, true, 'Jln. Sugiyopranoto No. 995, Gunungsitoli 42599, Sulut', '2026-02-07 16:16:56', '2026-02-07 16:16:56');
INSERT INTO transactions (id, transaction_code, customer_id, pet_id, service_id, total_price, payment_status, status, start_date, end_date, days, pickup_required, pickup_address, created_at, updated_at) VALUES (90, 'TRX-20260604-0090', 18, 19, 5, 35000, 'unpaid', 'pending', '2026-06-04', '2026-06-05', 1, false, NULL, '2026-06-04 16:16:56', '2026-06-04 16:16:56');
INSERT INTO transactions (id, transaction_code, customer_id, pet_id, service_id, total_price, payment_status, status, start_date, end_date, days, pickup_required, pickup_address, created_at, updated_at) VALUES (91, 'TRX-20260506-0091', 2, 2, 6, 375000, 'unpaid', 'pending', '2026-05-06', '2026-05-11', 5, false, NULL, '2026-05-06 16:16:56', '2026-05-06 16:16:56');
INSERT INTO transactions (id, transaction_code, customer_id, pet_id, service_id, total_price, payment_status, status, start_date, end_date, days, pickup_required, pickup_address, created_at, updated_at) VALUES (92, 'TRX-20260308-0092', 23, 27, 1, 50000, 'paid', 'confirmed', '2026-03-08', NULL, 1, false, NULL, '2026-03-08 16:16:56', '2026-03-08 16:16:56');
INSERT INTO transactions (id, transaction_code, customer_id, pet_id, service_id, total_price, payment_status, status, start_date, end_date, days, pickup_required, pickup_address, created_at, updated_at) VALUES (93, 'TRX-20260102-0093', 22, 26, 2, 85000, 'unpaid', 'pending', '2026-01-02', NULL, 1, false, NULL, '2026-01-02 16:16:56', '2026-01-02 16:16:56');
INSERT INTO transactions (id, transaction_code, customer_id, pet_id, service_id, total_price, payment_status, status, start_date, end_date, days, pickup_required, pickup_address, created_at, updated_at) VALUES (94, 'TRX-20260512-0094', 56, 68, 1, 50000, 'unpaid', 'cancelled', '2026-05-12', NULL, 1, false, NULL, '2026-05-12 16:16:56', '2026-05-12 16:16:56');
INSERT INTO transactions (id, transaction_code, customer_id, pet_id, service_id, total_price, payment_status, status, start_date, end_date, days, pickup_required, pickup_address, created_at, updated_at) VALUES (95, 'TRX-20260420-0095', 64, 76, 2, 85000, 'paid', 'completed', '2026-04-20', NULL, 1, false, NULL, '2026-04-20 16:16:56', '2026-04-20 16:16:56');
INSERT INTO transactions (id, transaction_code, customer_id, pet_id, service_id, total_price, payment_status, status, start_date, end_date, days, pickup_required, pickup_address, created_at, updated_at) VALUES (96, 'TRX-20260714-0096', 99, 124, 2, 85000, 'unpaid', 'pending', '2026-07-14', NULL, 1, true, 'Jr. Gatot Subroto No. 89, Sungai Penuh 43149, Gorontalo', '2026-07-14 16:16:56', '2026-07-14 16:16:56');
INSERT INTO transactions (id, transaction_code, customer_id, pet_id, service_id, total_price, payment_status, status, start_date, end_date, days, pickup_required, pickup_address, created_at, updated_at) VALUES (97, 'TRX-20260615-0097', 42, 53, 6, 150000, 'unpaid', 'pending', '2026-06-15', '2026-06-17', 2, false, NULL, '2026-06-15 16:16:56', '2026-06-15 16:16:56');
INSERT INTO transactions (id, transaction_code, customer_id, pet_id, service_id, total_price, payment_status, status, start_date, end_date, days, pickup_required, pickup_address, created_at, updated_at) VALUES (98, 'TRX-20260131-0098', 64, 76, 7, 25000, 'refunded', 'cancelled', '2026-01-31', NULL, 1, false, NULL, '2026-01-31 16:16:56', '2026-01-31 16:16:56');
INSERT INTO transactions (id, transaction_code, customer_id, pet_id, service_id, total_price, payment_status, status, start_date, end_date, days, pickup_required, pickup_address, created_at, updated_at) VALUES (99, 'TRX-20260302-0099', 64, 76, 6, 300000, 'unpaid', 'pending', '2026-03-02', '2026-03-06', 4, true, 'Dk. Bagis Utama No. 311, Palopo 88842, Kalteng', '2026-03-02 16:16:56', '2026-03-02 16:16:56');
INSERT INTO transactions (id, transaction_code, customer_id, pet_id, service_id, total_price, payment_status, status, start_date, end_date, days, pickup_required, pickup_address, created_at, updated_at) VALUES (100, 'TRX-20260222-0100', 69, 82, 4, 120000, 'paid', 'confirmed', '2026-02-22', NULL, 1, false, NULL, '2026-02-22 16:16:56', '2026-02-22 16:16:56');
INSERT INTO transactions (id, transaction_code, customer_id, pet_id, service_id, total_price, payment_status, status, start_date, end_date, days, pickup_required, pickup_address, created_at, updated_at) VALUES (101, 'TRX-20260419-0101', 97, 122, 4, 120000, 'paid', 'ongoing', '2026-04-19', NULL, 1, false, NULL, '2026-04-19 16:16:56', '2026-04-19 16:16:56');
INSERT INTO transactions (id, transaction_code, customer_id, pet_id, service_id, total_price, payment_status, status, start_date, end_date, days, pickup_required, pickup_address, created_at, updated_at) VALUES (102, 'TRX-20260601-0102', 31, 37, 5, 105000, 'paid', 'completed', '2026-06-01', '2026-06-04', 3, true, 'Jr. Nanas No. 313, Surakarta 70612, Kaltara', '2026-06-01 16:16:56', '2026-06-01 16:16:56');
INSERT INTO transactions (id, transaction_code, customer_id, pet_id, service_id, total_price, payment_status, status, start_date, end_date, days, pickup_required, pickup_address, created_at, updated_at) VALUES (103, 'TRX-20260504-0103', 21, 22, 2, 85000, 'refunded', 'cancelled', '2026-05-04', NULL, 1, false, NULL, '2026-05-04 16:16:56', '2026-05-04 16:16:56');
INSERT INTO transactions (id, transaction_code, customer_id, pet_id, service_id, total_price, payment_status, status, start_date, end_date, days, pickup_required, pickup_address, created_at, updated_at) VALUES (104, 'TRX-20260523-0104', 74, 93, 4, 120000, 'paid', 'confirmed', '2026-05-23', NULL, 1, false, NULL, '2026-05-23 16:16:56', '2026-05-23 16:16:56');
INSERT INTO transactions (id, transaction_code, customer_id, pet_id, service_id, total_price, payment_status, status, start_date, end_date, days, pickup_required, pickup_address, created_at, updated_at) VALUES (105, 'TRX-20260211-0105', 57, 69, 7, 25000, 'unpaid', 'pending', '2026-02-11', NULL, 1, false, NULL, '2026-02-11 16:16:56', '2026-02-11 16:16:56');
INSERT INTO transactions (id, transaction_code, customer_id, pet_id, service_id, total_price, payment_status, status, start_date, end_date, days, pickup_required, pickup_address, created_at, updated_at) VALUES (106, 'TRX-20260121-0106', 86, 108, 5, 175000, 'paid', 'completed', '2026-01-21', '2026-01-26', 5, false, NULL, '2026-01-21 16:16:56', '2026-01-21 16:16:56');
INSERT INTO transactions (id, transaction_code, customer_id, pet_id, service_id, total_price, payment_status, status, start_date, end_date, days, pickup_required, pickup_address, created_at, updated_at) VALUES (107, 'TRX-20260105-0107', 62, 74, 6, 300000, 'paid', 'ongoing', '2026-01-05', '2026-01-09', 4, true, 'Dk. Sutoyo No. 458, Tasikmalaya 84891, Gorontalo', '2026-01-05 16:16:56', '2026-01-05 16:16:56');
INSERT INTO transactions (id, transaction_code, customer_id, pet_id, service_id, total_price, payment_status, status, start_date, end_date, days, pickup_required, pickup_address, created_at, updated_at) VALUES (108, 'TRX-20260110-0108', 1, 1, 4, 120000, 'paid', 'confirmed', '2026-01-10', NULL, 1, false, NULL, '2026-01-10 16:16:56', '2026-01-10 16:16:56');
INSERT INTO transactions (id, transaction_code, customer_id, pet_id, service_id, total_price, payment_status, status, start_date, end_date, days, pickup_required, pickup_address, created_at, updated_at) VALUES (109, 'TRX-20260426-0109', 47, 59, 4, 120000, 'paid', 'ongoing', '2026-04-26', NULL, 1, false, NULL, '2026-04-26 16:16:56', '2026-04-26 16:16:56');
INSERT INTO transactions (id, transaction_code, customer_id, pet_id, service_id, total_price, payment_status, status, start_date, end_date, days, pickup_required, pickup_address, created_at, updated_at) VALUES (110, 'TRX-20260429-0110', 67, 79, 4, 120000, 'unpaid', 'pending', '2026-04-29', NULL, 1, false, NULL, '2026-04-29 16:16:56', '2026-04-29 16:16:56');
INSERT INTO transactions (id, transaction_code, customer_id, pet_id, service_id, total_price, payment_status, status, start_date, end_date, days, pickup_required, pickup_address, created_at, updated_at) VALUES (111, 'TRX-20260203-0111', 45, 57, 2, 85000, 'unpaid', 'pending', '2026-02-03', NULL, 1, false, NULL, '2026-02-03 16:16:56', '2026-02-03 16:16:56');
INSERT INTO transactions (id, transaction_code, customer_id, pet_id, service_id, total_price, payment_status, status, start_date, end_date, days, pickup_required, pickup_address, created_at, updated_at) VALUES (112, 'TRX-20260519-0112', 97, 122, 6, 450000, 'paid', 'ongoing', '2026-05-19', '2026-05-25', 6, false, NULL, '2026-05-19 16:16:56', '2026-05-19 16:16:56');
INSERT INTO transactions (id, transaction_code, customer_id, pet_id, service_id, total_price, payment_status, status, start_date, end_date, days, pickup_required, pickup_address, created_at, updated_at) VALUES (113, 'TRX-20260325-0113', 65, 77, 1, 50000, 'paid', 'confirmed', '2026-03-25', NULL, 1, false, NULL, '2026-03-25 16:16:56', '2026-03-25 16:16:56');
INSERT INTO transactions (id, transaction_code, customer_id, pet_id, service_id, total_price, payment_status, status, start_date, end_date, days, pickup_required, pickup_address, created_at, updated_at) VALUES (114, 'TRX-20260605-0114', 65, 77, 6, 150000, 'unpaid', 'pending', '2026-06-05', '2026-06-07', 2, true, 'Ds. Agus Salim No. 138, Langsa 34052, Kalbar', '2026-06-05 16:16:56', '2026-06-05 16:16:56');
INSERT INTO transactions (id, transaction_code, customer_id, pet_id, service_id, total_price, payment_status, status, start_date, end_date, days, pickup_required, pickup_address, created_at, updated_at) VALUES (115, 'TRX-20260209-0115', 45, 57, 7, 25000, 'paid', 'completed', '2026-02-09', NULL, 1, false, NULL, '2026-02-09 16:16:56', '2026-02-09 16:16:56');
INSERT INTO transactions (id, transaction_code, customer_id, pet_id, service_id, total_price, payment_status, status, start_date, end_date, days, pickup_required, pickup_address, created_at, updated_at) VALUES (116, 'TRX-20260128-0116', 79, 98, 3, 75000, 'unpaid', 'pending', '2026-01-28', NULL, 1, false, NULL, '2026-01-28 16:16:56', '2026-01-28 16:16:56');
INSERT INTO transactions (id, transaction_code, customer_id, pet_id, service_id, total_price, payment_status, status, start_date, end_date, days, pickup_required, pickup_address, created_at, updated_at) VALUES (117, 'TRX-20260404-0117', 29, 35, 4, 120000, 'refunded', 'cancelled', '2026-04-04', NULL, 1, false, NULL, '2026-04-04 16:16:56', '2026-04-04 16:16:56');
INSERT INTO transactions (id, transaction_code, customer_id, pet_id, service_id, total_price, payment_status, status, start_date, end_date, days, pickup_required, pickup_address, created_at, updated_at) VALUES (118, 'TRX-20260219-0118', 10, 10, 2, 85000, 'paid', 'ongoing', '2026-02-19', NULL, 1, false, NULL, '2026-02-19 16:16:56', '2026-02-19 16:16:56');
INSERT INTO transactions (id, transaction_code, customer_id, pet_id, service_id, total_price, payment_status, status, start_date, end_date, days, pickup_required, pickup_address, created_at, updated_at) VALUES (119, 'TRX-20260404-0119', 72, 90, 1, 50000, 'unpaid', 'cancelled', '2026-04-04', NULL, 1, false, NULL, '2026-04-04 16:16:56', '2026-04-04 16:16:56');
INSERT INTO transactions (id, transaction_code, customer_id, pet_id, service_id, total_price, payment_status, status, start_date, end_date, days, pickup_required, pickup_address, created_at, updated_at) VALUES (120, 'TRX-20260707-0120', 73, 91, 6, 150000, 'refunded', 'cancelled', '2026-07-07', '2026-07-09', 2, false, NULL, '2026-07-07 16:16:56', '2026-07-07 16:16:56');
INSERT INTO transactions (id, transaction_code, customer_id, pet_id, service_id, total_price, payment_status, status, start_date, end_date, days, pickup_required, pickup_address, created_at, updated_at) VALUES (121, 'TRX-20260531-0121', 86, 107, 1, 50000, 'paid', 'ongoing', '2026-05-31', NULL, 1, false, NULL, '2026-05-31 16:16:56', '2026-05-31 16:16:56');
INSERT INTO transactions (id, transaction_code, customer_id, pet_id, service_id, total_price, payment_status, status, start_date, end_date, days, pickup_required, pickup_address, created_at, updated_at) VALUES (122, 'TRX-20260220-0122', 39, 48, 6, 375000, 'paid', 'completed', '2026-02-20', '2026-02-25', 5, false, NULL, '2026-02-20 16:16:56', '2026-02-20 16:16:56');
INSERT INTO transactions (id, transaction_code, customer_id, pet_id, service_id, total_price, payment_status, status, start_date, end_date, days, pickup_required, pickup_address, created_at, updated_at) VALUES (123, 'TRX-20260502-0123', 85, 105, 1, 50000, 'paid', 'confirmed', '2026-05-02', NULL, 1, false, NULL, '2026-05-02 16:16:56', '2026-05-02 16:16:56');
INSERT INTO transactions (id, transaction_code, customer_id, pet_id, service_id, total_price, payment_status, status, start_date, end_date, days, pickup_required, pickup_address, created_at, updated_at) VALUES (124, 'TRX-20260216-0124', 90, 115, 2, 85000, 'unpaid', 'pending', '2026-02-16', NULL, 1, false, NULL, '2026-02-16 16:16:56', '2026-02-16 16:16:56');
INSERT INTO transactions (id, transaction_code, customer_id, pet_id, service_id, total_price, payment_status, status, start_date, end_date, days, pickup_required, pickup_address, created_at, updated_at) VALUES (125, 'TRX-20260707-0125', 17, 18, 6, 375000, 'paid', 'completed', '2026-07-07', '2026-07-12', 5, false, NULL, '2026-07-07 16:16:56', '2026-07-07 16:16:56');
INSERT INTO transactions (id, transaction_code, customer_id, pet_id, service_id, total_price, payment_status, status, start_date, end_date, days, pickup_required, pickup_address, created_at, updated_at) VALUES (126, 'TRX-20260121-0126', 55, 67, 5, 70000, 'paid', 'completed', '2026-01-21', '2026-01-23', 2, false, NULL, '2026-01-21 16:16:56', '2026-01-21 16:16:56');
INSERT INTO transactions (id, transaction_code, customer_id, pet_id, service_id, total_price, payment_status, status, start_date, end_date, days, pickup_required, pickup_address, created_at, updated_at) VALUES (127, 'TRX-20260430-0127', 59, 71, 3, 75000, 'paid', 'ongoing', '2026-04-30', NULL, 1, false, NULL, '2026-04-30 16:16:56', '2026-04-30 16:16:56');
INSERT INTO transactions (id, transaction_code, customer_id, pet_id, service_id, total_price, payment_status, status, start_date, end_date, days, pickup_required, pickup_address, created_at, updated_at) VALUES (128, 'TRX-20260115-0128', 98, 123, 2, 85000, 'paid', 'confirmed', '2026-01-15', NULL, 1, false, NULL, '2026-01-15 16:16:56', '2026-01-15 16:16:56');
INSERT INTO transactions (id, transaction_code, customer_id, pet_id, service_id, total_price, payment_status, status, start_date, end_date, days, pickup_required, pickup_address, created_at, updated_at) VALUES (129, 'TRX-20260310-0129', 51, 63, 4, 120000, 'paid', 'completed', '2026-03-10', NULL, 1, false, NULL, '2026-03-10 16:16:56', '2026-03-10 16:16:56');
INSERT INTO transactions (id, transaction_code, customer_id, pet_id, service_id, total_price, payment_status, status, start_date, end_date, days, pickup_required, pickup_address, created_at, updated_at) VALUES (130, 'TRX-20260311-0130', 99, 124, 5, 70000, 'unpaid', 'pending', '2026-03-11', '2026-03-13', 2, false, NULL, '2026-03-11 16:16:56', '2026-03-11 16:16:56');
INSERT INTO transactions (id, transaction_code, customer_id, pet_id, service_id, total_price, payment_status, status, start_date, end_date, days, pickup_required, pickup_address, created_at, updated_at) VALUES (131, 'TRX-20260130-0131', 69, 82, 5, 210000, 'paid', 'ongoing', '2026-01-30', '2026-02-05', 6, true, 'Jr. Madrasah No. 513, Dumai 11813, Aceh', '2026-01-30 16:16:56', '2026-01-30 16:16:56');
INSERT INTO transactions (id, transaction_code, customer_id, pet_id, service_id, total_price, payment_status, status, start_date, end_date, days, pickup_required, pickup_address, created_at, updated_at) VALUES (132, 'TRX-20260211-0132', 23, 27, 5, 210000, 'refunded', 'cancelled', '2026-02-11', '2026-02-17', 6, false, NULL, '2026-02-11 16:16:56', '2026-02-11 16:16:56');
INSERT INTO transactions (id, transaction_code, customer_id, pet_id, service_id, total_price, payment_status, status, start_date, end_date, days, pickup_required, pickup_address, created_at, updated_at) VALUES (133, 'TRX-20260127-0133', 64, 76, 4, 120000, 'paid', 'ongoing', '2026-01-27', NULL, 1, true, 'Psr. Sudirman No. 633, Tarakan 76211, Babel', '2026-01-27 16:16:56', '2026-01-27 16:16:56');
INSERT INTO transactions (id, transaction_code, customer_id, pet_id, service_id, total_price, payment_status, status, start_date, end_date, days, pickup_required, pickup_address, created_at, updated_at) VALUES (134, 'TRX-20260209-0134', 26, 30, 7, 25000, 'paid', 'ongoing', '2026-02-09', NULL, 1, false, NULL, '2026-02-09 16:16:56', '2026-02-09 16:16:56');
INSERT INTO transactions (id, transaction_code, customer_id, pet_id, service_id, total_price, payment_status, status, start_date, end_date, days, pickup_required, pickup_address, created_at, updated_at) VALUES (135, 'TRX-20260525-0135', 17, 18, 7, 25000, 'refunded', 'cancelled', '2026-05-25', NULL, 1, true, 'Kpg. Sutarto No. 560, Tangerang 54712, Gorontalo', '2026-05-25 16:16:56', '2026-05-25 16:16:56');
INSERT INTO transactions (id, transaction_code, customer_id, pet_id, service_id, total_price, payment_status, status, start_date, end_date, days, pickup_required, pickup_address, created_at, updated_at) VALUES (136, 'TRX-20260404-0136', 98, 123, 4, 120000, 'paid', 'completed', '2026-04-04', NULL, 1, false, NULL, '2026-04-04 16:16:56', '2026-04-04 16:16:56');
INSERT INTO transactions (id, transaction_code, customer_id, pet_id, service_id, total_price, payment_status, status, start_date, end_date, days, pickup_required, pickup_address, created_at, updated_at) VALUES (137, 'TRX-20260302-0137', 84, 104, 3, 75000, 'paid', 'completed', '2026-03-02', NULL, 1, true, 'Gg. Nangka No. 681, Salatiga 23366, Aceh', '2026-03-02 16:16:56', '2026-03-02 16:16:56');
INSERT INTO transactions (id, transaction_code, customer_id, pet_id, service_id, total_price, payment_status, status, start_date, end_date, days, pickup_required, pickup_address, created_at, updated_at) VALUES (138, 'TRX-20260602-0138', 39, 49, 5, 245000, 'unpaid', 'cancelled', '2026-06-02', '2026-06-09', 7, false, NULL, '2026-06-02 16:16:56', '2026-06-02 16:16:56');
INSERT INTO transactions (id, transaction_code, customer_id, pet_id, service_id, total_price, payment_status, status, start_date, end_date, days, pickup_required, pickup_address, created_at, updated_at) VALUES (139, 'TRX-20260425-0139', 42, 53, 7, 25000, 'paid', 'ongoing', '2026-04-25', NULL, 1, true, 'Dk. Sutarjo No. 302, Bengkulu 78093, Pabar', '2026-04-25 16:16:56', '2026-04-25 16:16:56');
INSERT INTO transactions (id, transaction_code, customer_id, pet_id, service_id, total_price, payment_status, status, start_date, end_date, days, pickup_required, pickup_address, created_at, updated_at) VALUES (140, 'TRX-20260323-0140', 18, 19, 6, 225000, 'refunded', 'cancelled', '2026-03-23', '2026-03-26', 3, false, NULL, '2026-03-23 16:16:56', '2026-03-23 16:16:56');
INSERT INTO transactions (id, transaction_code, customer_id, pet_id, service_id, total_price, payment_status, status, start_date, end_date, days, pickup_required, pickup_address, created_at, updated_at) VALUES (141, 'TRX-20260112-0141', 42, 53, 3, 75000, 'refunded', 'cancelled', '2026-01-12', NULL, 1, false, NULL, '2026-01-12 16:16:56', '2026-01-12 16:16:56');
INSERT INTO transactions (id, transaction_code, customer_id, pet_id, service_id, total_price, payment_status, status, start_date, end_date, days, pickup_required, pickup_address, created_at, updated_at) VALUES (142, 'TRX-20260210-0142', 95, 120, 4, 120000, 'unpaid', 'cancelled', '2026-02-10', NULL, 1, false, NULL, '2026-02-10 16:16:56', '2026-02-10 16:16:56');
INSERT INTO transactions (id, transaction_code, customer_id, pet_id, service_id, total_price, payment_status, status, start_date, end_date, days, pickup_required, pickup_address, created_at, updated_at) VALUES (143, 'TRX-20260215-0143', 47, 59, 1, 50000, 'paid', 'confirmed', '2026-02-15', NULL, 1, true, 'Jln. R.M. Said No. 74, Sungai Penuh 61798, Bali', '2026-02-15 16:16:56', '2026-02-15 16:16:56');
INSERT INTO transactions (id, transaction_code, customer_id, pet_id, service_id, total_price, payment_status, status, start_date, end_date, days, pickup_required, pickup_address, created_at, updated_at) VALUES (144, 'TRX-20260611-0144', 63, 75, 1, 50000, 'unpaid', 'pending', '2026-06-11', NULL, 1, false, NULL, '2026-06-11 16:16:56', '2026-06-11 16:16:56');
INSERT INTO transactions (id, transaction_code, customer_id, pet_id, service_id, total_price, payment_status, status, start_date, end_date, days, pickup_required, pickup_address, created_at, updated_at) VALUES (145, 'TRX-20260617-0145', 18, 19, 2, 85000, 'paid', 'confirmed', '2026-06-17', NULL, 1, false, NULL, '2026-06-17 16:16:56', '2026-06-17 16:16:56');
INSERT INTO transactions (id, transaction_code, customer_id, pet_id, service_id, total_price, payment_status, status, start_date, end_date, days, pickup_required, pickup_address, created_at, updated_at) VALUES (146, 'TRX-20260415-0146', 26, 30, 5, 140000, 'refunded', 'cancelled', '2026-04-15', '2026-04-19', 4, false, NULL, '2026-04-15 16:16:56', '2026-04-15 16:16:56');
INSERT INTO transactions (id, transaction_code, customer_id, pet_id, service_id, total_price, payment_status, status, start_date, end_date, days, pickup_required, pickup_address, created_at, updated_at) VALUES (147, 'TRX-20260610-0147', 48, 60, 5, 175000, 'unpaid', 'cancelled', '2026-06-10', '2026-06-15', 5, false, NULL, '2026-06-10 16:16:56', '2026-06-10 16:16:56');
INSERT INTO transactions (id, transaction_code, customer_id, pet_id, service_id, total_price, payment_status, status, start_date, end_date, days, pickup_required, pickup_address, created_at, updated_at) VALUES (148, 'TRX-20260503-0148', 92, 117, 7, 25000, 'unpaid', 'pending', '2026-05-03', NULL, 1, false, NULL, '2026-05-03 16:16:56', '2026-05-03 16:16:56');
INSERT INTO transactions (id, transaction_code, customer_id, pet_id, service_id, total_price, payment_status, status, start_date, end_date, days, pickup_required, pickup_address, created_at, updated_at) VALUES (149, 'TRX-20260129-0149', 89, 114, 1, 50000, 'unpaid', 'pending', '2026-01-29', NULL, 1, true, 'Jr. Baja Raya No. 364, Palembang 29993, Banten', '2026-01-29 16:16:56', '2026-01-29 16:16:56');
INSERT INTO transactions (id, transaction_code, customer_id, pet_id, service_id, total_price, payment_status, status, start_date, end_date, days, pickup_required, pickup_address, created_at, updated_at) VALUES (150, 'TRX-20260302-0150', 10, 10, 6, 75000, 'paid', 'ongoing', '2026-03-02', '2026-03-03', 1, false, NULL, '2026-03-02 16:16:56', '2026-03-02 16:16:56');
INSERT INTO transactions (id, transaction_code, customer_id, pet_id, service_id, total_price, payment_status, status, start_date, end_date, days, pickup_required, pickup_address, created_at, updated_at) VALUES (151, 'TRX-20260702-0151', 87, 110, 1, 50000, 'paid', 'completed', '2026-07-02', NULL, 1, false, NULL, '2026-07-02 16:16:56', '2026-07-02 16:16:56');
INSERT INTO transactions (id, transaction_code, customer_id, pet_id, service_id, total_price, payment_status, status, start_date, end_date, days, pickup_required, pickup_address, created_at, updated_at) VALUES (152, 'TRX-20260124-0152', 41, 52, 7, 25000, 'unpaid', 'pending', '2026-01-24', NULL, 1, false, NULL, '2026-01-24 16:16:56', '2026-01-24 16:16:56');
INSERT INTO transactions (id, transaction_code, customer_id, pet_id, service_id, total_price, payment_status, status, start_date, end_date, days, pickup_required, pickup_address, created_at, updated_at) VALUES (153, 'TRX-20260314-0153', 26, 30, 1, 50000, 'unpaid', 'pending', '2026-03-14', NULL, 1, false, NULL, '2026-03-14 16:16:56', '2026-03-14 16:16:56');
INSERT INTO transactions (id, transaction_code, customer_id, pet_id, service_id, total_price, payment_status, status, start_date, end_date, days, pickup_required, pickup_address, created_at, updated_at) VALUES (154, 'TRX-20260220-0154', 7, 7, 4, 120000, 'unpaid', 'pending', '2026-02-20', NULL, 1, true, 'Kpg. Hang No. 780, Tual 72845, Kepri', '2026-02-20 16:16:56', '2026-02-20 16:16:56');
INSERT INTO transactions (id, transaction_code, customer_id, pet_id, service_id, total_price, payment_status, status, start_date, end_date, days, pickup_required, pickup_address, created_at, updated_at) VALUES (155, 'TRX-20260216-0155', 40, 51, 2, 85000, 'paid', 'confirmed', '2026-02-16', NULL, 1, false, NULL, '2026-02-16 16:16:56', '2026-02-16 16:16:56');
INSERT INTO transactions (id, transaction_code, customer_id, pet_id, service_id, total_price, payment_status, status, start_date, end_date, days, pickup_required, pickup_address, created_at, updated_at) VALUES (156, 'TRX-20260225-0156', 82, 101, 5, 35000, 'paid', 'confirmed', '2026-02-25', '2026-02-26', 1, false, NULL, '2026-02-25 16:16:56', '2026-02-25 16:16:56');
INSERT INTO transactions (id, transaction_code, customer_id, pet_id, service_id, total_price, payment_status, status, start_date, end_date, days, pickup_required, pickup_address, created_at, updated_at) VALUES (157, 'TRX-20260509-0157', 74, 93, 1, 50000, 'paid', 'completed', '2026-05-09', NULL, 1, false, NULL, '2026-05-09 16:16:56', '2026-05-09 16:16:56');
INSERT INTO transactions (id, transaction_code, customer_id, pet_id, service_id, total_price, payment_status, status, start_date, end_date, days, pickup_required, pickup_address, created_at, updated_at) VALUES (158, 'TRX-20260703-0158', 15, 15, 6, 525000, 'paid', 'ongoing', '2026-07-03', '2026-07-10', 7, false, NULL, '2026-07-03 16:16:56', '2026-07-03 16:16:56');
INSERT INTO transactions (id, transaction_code, customer_id, pet_id, service_id, total_price, payment_status, status, start_date, end_date, days, pickup_required, pickup_address, created_at, updated_at) VALUES (159, 'TRX-20260206-0159', 93, 118, 6, 150000, 'unpaid', 'pending', '2026-02-06', '2026-02-08', 2, false, NULL, '2026-02-06 16:16:56', '2026-02-06 16:16:56');
INSERT INTO transactions (id, transaction_code, customer_id, pet_id, service_id, total_price, payment_status, status, start_date, end_date, days, pickup_required, pickup_address, created_at, updated_at) VALUES (160, 'TRX-20260210-0160', 61, 73, 7, 25000, 'paid', 'completed', '2026-02-10', NULL, 1, false, NULL, '2026-02-10 16:16:56', '2026-02-10 16:16:56');
INSERT INTO transactions (id, transaction_code, customer_id, pet_id, service_id, total_price, payment_status, status, start_date, end_date, days, pickup_required, pickup_address, created_at, updated_at) VALUES (161, 'TRX-20260324-0161', 72, 88, 5, 105000, 'unpaid', 'pending', '2026-03-24', '2026-03-27', 3, false, NULL, '2026-03-24 16:16:56', '2026-03-24 16:16:56');
INSERT INTO transactions (id, transaction_code, customer_id, pet_id, service_id, total_price, payment_status, status, start_date, end_date, days, pickup_required, pickup_address, created_at, updated_at) VALUES (162, 'TRX-20260211-0162', 94, 119, 7, 25000, 'refunded', 'cancelled', '2026-02-11', NULL, 1, false, NULL, '2026-02-11 16:16:56', '2026-02-11 16:16:56');
INSERT INTO transactions (id, transaction_code, customer_id, pet_id, service_id, total_price, payment_status, status, start_date, end_date, days, pickup_required, pickup_address, created_at, updated_at) VALUES (163, 'TRX-20260509-0163', 50, 62, 7, 25000, 'unpaid', 'cancelled', '2026-05-09', NULL, 1, false, NULL, '2026-05-09 16:16:56', '2026-05-09 16:16:56');
INSERT INTO transactions (id, transaction_code, customer_id, pet_id, service_id, total_price, payment_status, status, start_date, end_date, days, pickup_required, pickup_address, created_at, updated_at) VALUES (164, 'TRX-20260309-0164', 7, 7, 4, 120000, 'paid', 'completed', '2026-03-09', NULL, 1, false, NULL, '2026-03-09 16:16:56', '2026-03-09 16:16:56');
INSERT INTO transactions (id, transaction_code, customer_id, pet_id, service_id, total_price, payment_status, status, start_date, end_date, days, pickup_required, pickup_address, created_at, updated_at) VALUES (165, 'TRX-20260403-0165', 31, 37, 6, 450000, 'paid', 'confirmed', '2026-04-03', '2026-04-09', 6, false, NULL, '2026-04-03 16:16:56', '2026-04-03 16:16:56');
INSERT INTO transactions (id, transaction_code, customer_id, pet_id, service_id, total_price, payment_status, status, start_date, end_date, days, pickup_required, pickup_address, created_at, updated_at) VALUES (166, 'TRX-20260527-0166', 92, 117, 3, 75000, 'unpaid', 'cancelled', '2026-05-27', NULL, 1, false, NULL, '2026-05-27 16:16:56', '2026-05-27 16:16:56');
INSERT INTO transactions (id, transaction_code, customer_id, pet_id, service_id, total_price, payment_status, status, start_date, end_date, days, pickup_required, pickup_address, created_at, updated_at) VALUES (167, 'TRX-20260502-0167', 71, 86, 5, 175000, 'paid', 'completed', '2026-05-02', '2026-05-07', 5, false, NULL, '2026-05-02 16:16:56', '2026-05-02 16:16:56');
INSERT INTO transactions (id, transaction_code, customer_id, pet_id, service_id, total_price, payment_status, status, start_date, end_date, days, pickup_required, pickup_address, created_at, updated_at) VALUES (168, 'TRX-20260617-0168', 33, 39, 2, 85000, 'unpaid', 'pending', '2026-06-17', NULL, 1, false, NULL, '2026-06-17 16:16:56', '2026-06-17 16:16:56');
INSERT INTO transactions (id, transaction_code, customer_id, pet_id, service_id, total_price, payment_status, status, start_date, end_date, days, pickup_required, pickup_address, created_at, updated_at) VALUES (169, 'TRX-20260322-0169', 62, 74, 7, 25000, 'paid', 'completed', '2026-03-22', NULL, 1, false, NULL, '2026-03-22 16:16:56', '2026-03-22 16:16:56');
INSERT INTO transactions (id, transaction_code, customer_id, pet_id, service_id, total_price, payment_status, status, start_date, end_date, days, pickup_required, pickup_address, created_at, updated_at) VALUES (170, 'TRX-20260628-0170', 67, 79, 4, 120000, 'unpaid', 'cancelled', '2026-06-28', NULL, 1, true, 'Psr. Babadan No. 206, Gunungsitoli 32533, Bali', '2026-06-28 16:16:56', '2026-06-28 16:16:56');
INSERT INTO transactions (id, transaction_code, customer_id, pet_id, service_id, total_price, payment_status, status, start_date, end_date, days, pickup_required, pickup_address, created_at, updated_at) VALUES (171, 'TRX-20260410-0171', 80, 99, 2, 85000, 'paid', 'completed', '2026-04-10', NULL, 1, false, NULL, '2026-04-10 16:16:56', '2026-04-10 16:16:56');
INSERT INTO transactions (id, transaction_code, customer_id, pet_id, service_id, total_price, payment_status, status, start_date, end_date, days, pickup_required, pickup_address, created_at, updated_at) VALUES (172, 'TRX-20260517-0172', 85, 105, 1, 50000, 'unpaid', 'pending', '2026-05-17', NULL, 1, false, NULL, '2026-05-17 16:16:56', '2026-05-17 16:16:56');
INSERT INTO transactions (id, transaction_code, customer_id, pet_id, service_id, total_price, payment_status, status, start_date, end_date, days, pickup_required, pickup_address, created_at, updated_at) VALUES (173, 'TRX-20260102-0173', 52, 64, 6, 225000, 'unpaid', 'cancelled', '2026-01-02', '2026-01-05', 3, false, NULL, '2026-01-02 16:16:56', '2026-01-02 16:16:56');
INSERT INTO transactions (id, transaction_code, customer_id, pet_id, service_id, total_price, payment_status, status, start_date, end_date, days, pickup_required, pickup_address, created_at, updated_at) VALUES (174, 'TRX-20260301-0174', 36, 42, 3, 75000, 'unpaid', 'pending', '2026-03-01', NULL, 1, false, NULL, '2026-03-01 16:16:56', '2026-03-01 16:16:56');
INSERT INTO transactions (id, transaction_code, customer_id, pet_id, service_id, total_price, payment_status, status, start_date, end_date, days, pickup_required, pickup_address, created_at, updated_at) VALUES (175, 'TRX-20260228-0175', 14, 14, 2, 85000, 'paid', 'completed', '2026-02-28', NULL, 1, false, NULL, '2026-02-28 16:16:56', '2026-02-28 16:16:56');
INSERT INTO transactions (id, transaction_code, customer_id, pet_id, service_id, total_price, payment_status, status, start_date, end_date, days, pickup_required, pickup_address, created_at, updated_at) VALUES (176, 'TRX-20260528-0176', 95, 120, 2, 85000, 'paid', 'ongoing', '2026-05-28', NULL, 1, false, NULL, '2026-05-28 16:16:56', '2026-05-28 16:16:56');
INSERT INTO transactions (id, transaction_code, customer_id, pet_id, service_id, total_price, payment_status, status, start_date, end_date, days, pickup_required, pickup_address, created_at, updated_at) VALUES (177, 'TRX-20260127-0177', 25, 29, 5, 245000, 'paid', 'confirmed', '2026-01-27', '2026-02-03', 7, true, 'Gg. Gading No. 779, Medan 26196, Pabar', '2026-01-27 16:16:56', '2026-01-27 16:16:56');
INSERT INTO transactions (id, transaction_code, customer_id, pet_id, service_id, total_price, payment_status, status, start_date, end_date, days, pickup_required, pickup_address, created_at, updated_at) VALUES (178, 'TRX-20260218-0178', 67, 79, 4, 120000, 'paid', 'confirmed', '2026-02-18', NULL, 1, false, NULL, '2026-02-18 16:16:56', '2026-02-18 16:16:56');
INSERT INTO transactions (id, transaction_code, customer_id, pet_id, service_id, total_price, payment_status, status, start_date, end_date, days, pickup_required, pickup_address, created_at, updated_at) VALUES (179, 'TRX-20260308-0179', 60, 72, 1, 50000, 'paid', 'ongoing', '2026-03-08', NULL, 1, false, NULL, '2026-03-08 16:16:56', '2026-03-08 16:16:56');
INSERT INTO transactions (id, transaction_code, customer_id, pet_id, service_id, total_price, payment_status, status, start_date, end_date, days, pickup_required, pickup_address, created_at, updated_at) VALUES (180, 'TRX-20260529-0180', 88, 111, 1, 50000, 'paid', 'completed', '2026-05-29', NULL, 1, false, NULL, '2026-05-29 16:16:56', '2026-05-29 16:16:56');
INSERT INTO transactions (id, transaction_code, customer_id, pet_id, service_id, total_price, payment_status, status, start_date, end_date, days, pickup_required, pickup_address, created_at, updated_at) VALUES (181, 'TRX-20260320-0181', 57, 69, 3, 75000, 'unpaid', 'pending', '2026-03-20', NULL, 1, false, NULL, '2026-03-20 16:16:56', '2026-03-20 16:16:56');
INSERT INTO transactions (id, transaction_code, customer_id, pet_id, service_id, total_price, payment_status, status, start_date, end_date, days, pickup_required, pickup_address, created_at, updated_at) VALUES (182, 'TRX-20260410-0182', 77, 96, 5, 140000, 'unpaid', 'pending', '2026-04-10', '2026-04-14', 4, false, NULL, '2026-04-10 16:16:56', '2026-04-10 16:16:56');
INSERT INTO transactions (id, transaction_code, customer_id, pet_id, service_id, total_price, payment_status, status, start_date, end_date, days, pickup_required, pickup_address, created_at, updated_at) VALUES (183, 'TRX-20260711-0183', 76, 95, 2, 85000, 'paid', 'confirmed', '2026-07-11', NULL, 1, false, NULL, '2026-07-11 16:16:56', '2026-07-11 16:16:56');
INSERT INTO transactions (id, transaction_code, customer_id, pet_id, service_id, total_price, payment_status, status, start_date, end_date, days, pickup_required, pickup_address, created_at, updated_at) VALUES (184, 'TRX-20260506-0184', 17, 17, 7, 25000, 'paid', 'confirmed', '2026-05-06', NULL, 1, false, NULL, '2026-05-06 16:16:56', '2026-05-06 16:16:56');
INSERT INTO transactions (id, transaction_code, customer_id, pet_id, service_id, total_price, payment_status, status, start_date, end_date, days, pickup_required, pickup_address, created_at, updated_at) VALUES (185, 'TRX-20260403-0185', 77, 96, 2, 85000, 'paid', 'confirmed', '2026-04-03', NULL, 1, false, NULL, '2026-04-03 16:16:56', '2026-04-03 16:16:56');
INSERT INTO transactions (id, transaction_code, customer_id, pet_id, service_id, total_price, payment_status, status, start_date, end_date, days, pickup_required, pickup_address, created_at, updated_at) VALUES (186, 'TRX-20260703-0186', 9, 9, 1, 50000, 'unpaid', 'pending', '2026-07-03', NULL, 1, false, NULL, '2026-07-03 16:16:56', '2026-07-03 16:16:56');
INSERT INTO transactions (id, transaction_code, customer_id, pet_id, service_id, total_price, payment_status, status, start_date, end_date, days, pickup_required, pickup_address, created_at, updated_at) VALUES (187, 'TRX-20260305-0187', 97, 122, 4, 120000, 'refunded', 'cancelled', '2026-03-05', NULL, 1, false, NULL, '2026-03-05 16:16:56', '2026-03-05 16:16:56');
INSERT INTO transactions (id, transaction_code, customer_id, pet_id, service_id, total_price, payment_status, status, start_date, end_date, days, pickup_required, pickup_address, created_at, updated_at) VALUES (188, 'TRX-20260409-0188', 12, 12, 1, 50000, 'unpaid', 'pending', '2026-04-09', NULL, 1, false, NULL, '2026-04-09 16:16:56', '2026-04-09 16:16:56');
INSERT INTO transactions (id, transaction_code, customer_id, pet_id, service_id, total_price, payment_status, status, start_date, end_date, days, pickup_required, pickup_address, created_at, updated_at) VALUES (189, 'TRX-20260701-0189', 21, 22, 5, 35000, 'paid', 'confirmed', '2026-07-01', '2026-07-02', 1, true, 'Ds. Achmad No. 639, Bima 49564, Sulbar', '2026-07-01 16:16:56', '2026-07-01 16:16:56');
INSERT INTO transactions (id, transaction_code, customer_id, pet_id, service_id, total_price, payment_status, status, start_date, end_date, days, pickup_required, pickup_address, created_at, updated_at) VALUES (190, 'TRX-20260402-0190', 75, 94, 5, 175000, 'paid', 'confirmed', '2026-04-02', '2026-04-07', 5, true, 'Kpg. Moch. Toha No. 71, Sawahlunto 32172, Bengkulu', '2026-04-02 16:16:56', '2026-04-02 16:16:56');
INSERT INTO transactions (id, transaction_code, customer_id, pet_id, service_id, total_price, payment_status, status, start_date, end_date, days, pickup_required, pickup_address, created_at, updated_at) VALUES (191, 'TRX-20260502-0191', 88, 112, 4, 120000, 'paid', 'completed', '2026-05-02', NULL, 1, false, NULL, '2026-05-02 16:16:56', '2026-05-02 16:16:56');
INSERT INTO transactions (id, transaction_code, customer_id, pet_id, service_id, total_price, payment_status, status, start_date, end_date, days, pickup_required, pickup_address, created_at, updated_at) VALUES (192, 'TRX-20260111-0192', 53, 65, 7, 25000, 'paid', 'confirmed', '2026-01-11', NULL, 1, false, NULL, '2026-01-11 16:16:56', '2026-01-11 16:16:56');
INSERT INTO transactions (id, transaction_code, customer_id, pet_id, service_id, total_price, payment_status, status, start_date, end_date, days, pickup_required, pickup_address, created_at, updated_at) VALUES (193, 'TRX-20260530-0193', 68, 80, 5, 245000, 'paid', 'completed', '2026-05-30', '2026-06-06', 7, false, NULL, '2026-05-30 16:16:56', '2026-05-30 16:16:56');
INSERT INTO transactions (id, transaction_code, customer_id, pet_id, service_id, total_price, payment_status, status, start_date, end_date, days, pickup_required, pickup_address, created_at, updated_at) VALUES (194, 'TRX-20260527-0194', 52, 64, 6, 75000, 'paid', 'completed', '2026-05-27', '2026-05-28', 1, false, NULL, '2026-05-27 16:16:56', '2026-05-27 16:16:56');
INSERT INTO transactions (id, transaction_code, customer_id, pet_id, service_id, total_price, payment_status, status, start_date, end_date, days, pickup_required, pickup_address, created_at, updated_at) VALUES (195, 'TRX-20260530-0195', 30, 36, 5, 210000, 'unpaid', 'pending', '2026-05-30', '2026-06-05', 6, false, NULL, '2026-05-30 16:16:56', '2026-05-30 16:16:56');
INSERT INTO transactions (id, transaction_code, customer_id, pet_id, service_id, total_price, payment_status, status, start_date, end_date, days, pickup_required, pickup_address, created_at, updated_at) VALUES (196, 'TRX-20260122-0196', 84, 104, 4, 120000, 'refunded', 'cancelled', '2026-01-22', NULL, 1, false, NULL, '2026-01-22 16:16:56', '2026-01-22 16:16:56');
INSERT INTO transactions (id, transaction_code, customer_id, pet_id, service_id, total_price, payment_status, status, start_date, end_date, days, pickup_required, pickup_address, created_at, updated_at) VALUES (197, 'TRX-20260207-0197', 70, 83, 1, 50000, 'paid', 'completed', '2026-02-07', NULL, 1, false, NULL, '2026-02-07 16:16:56', '2026-02-07 16:16:56');
INSERT INTO transactions (id, transaction_code, customer_id, pet_id, service_id, total_price, payment_status, status, start_date, end_date, days, pickup_required, pickup_address, created_at, updated_at) VALUES (198, 'TRX-20260212-0198', 91, 116, 1, 50000, 'unpaid', 'pending', '2026-02-12', NULL, 1, true, 'Kpg. Ters. Buah Batu No. 949, Kotamobagu 33937, Bali', '2026-02-12 16:16:56', '2026-02-12 16:16:56');
INSERT INTO transactions (id, transaction_code, customer_id, pet_id, service_id, total_price, payment_status, status, start_date, end_date, days, pickup_required, pickup_address, created_at, updated_at) VALUES (199, 'TRX-20260513-0199', 20, 21, 2, 85000, 'paid', 'completed', '2026-05-13', NULL, 1, false, NULL, '2026-05-13 16:16:56', '2026-05-13 16:16:56');
INSERT INTO transactions (id, transaction_code, customer_id, pet_id, service_id, total_price, payment_status, status, start_date, end_date, days, pickup_required, pickup_address, created_at, updated_at) VALUES (200, 'TRX-20260110-0200', 98, 123, 4, 120000, 'paid', 'ongoing', '2026-01-10', NULL, 1, false, NULL, '2026-01-10 16:16:56', '2026-01-10 16:16:56');
SELECT setval('transactions_id_seq', (SELECT MAX(id) FROM transactions));

COMMIT;
